ATT_Roll,ATT_Pitch,ATT_Yaw,ATT_RollRate,ATT_PitchRate,ATT_YawRate,ATT_GX,ATT_GY,ATT_GZ,ATSP_RollSP,ATSP_PitchSP,ATSP_YawSP,ATSP_ThrustSP,IMU_AccX,IMU_AccY,IMU_AccZ,IMU_GyroX,IMU_GyroY,IMU_GyroZ,IMU_MagX,IMU_MagY,IMU_MagZ,SENS_BaroPres,SENS_BaroAlt,SENS_BaroTemp,SENS_DiffPres,SENS_DiffPresFilt,LPOS_X,LPOS_Y,LPOS_Z,LPOS_Dist,LPOS_DistR,LPOS_VX,LPOS_VY,LPOS_VZ,LPOS_RLat,LPOS_RLon,LPOS_RAlt,LPOS_PFlg,LPOS_LFlg,LPOS_GFlg,LPOS_EPH,LPOS_EPV,LPSP_X,LPSP_Y,LPSP_Z,LPSP_Yaw,GPS_GPSTime,GPS_Fix,GPS_EPH,GPS_EPV,GPS_Lat,GPS_Lon,GPS_Alt,GPS_VelN,GPS_VelE,GPS_VelD,GPS_Cog,GPS_nSat,GPS_SNR,GPS_N,GPS_J,ATTC_Roll,ATTC_Pitch,ATTC_Yaw,ATTC_Thrust,STAT_MainState,STAT_ArmState,STAT_FailsafeState,STAT_BatRem,STAT_BatWarn,STAT_Landed,RC_Ch0,RC_Ch1,RC_Ch2,RC_Ch3,RC_Ch4,RC_Ch5,RC_Ch6,RC_Ch7,RC_Count,RC_SignalLost,OUT0_Out0,OUT0_Out1,OUT0_Out2,OUT0_Out3,OUT0_Out4,OUT0_Out5,OUT0_Out6,OUT0_Out7,AIRS_IndSpeed,AIRS_TrueSpeed,AIRS_AirTemp,ARSP_RollRateSP,ARSP_PitchRateSP,ARSP_YawRateSP,FLOW_RawX,FLOW_RawY,FLOW_CompX,FLOW_CompY,FLOW_Dist,FLOW_Q,FLOW_SensID,GPOS_Lat,GPOS_Lon,GPOS_Alt,GPOS_VelN,GPOS_VelE,GPOS_VelD,GPOS_EPH,GPOS_EPV,GPSP_NavState,GPSP_Lat,GPSP_Lon,GPSP_Alt,GPSP_Yaw,GPSP_Type,GPSP_LoitR,GPSP_LoitDir,GPSP_PitMin,ESC_count,ESC_nESC,ESC_Conn,ESC_N,ESC_Ver,ESC_Adr,ESC_Volt,ESC_Amp,ESC_RPM,ESC_Temp,ESC_SetP,ESC_SetPRAW,GVSP_VX,GVSP_VY,GVSP_VZ,BATT_V,BATT_VFilt,BATT_C,BATT_Discharged,DIST_Bottom,DIST_BottomRate,DIST_Flags,TELE_RSSI,TELE_RemRSSI,TELE_Noise,TELE_RemNoise,TELE_RXErr,TELE_Fixed,TELE_TXBuf,ESTM_s0,ESTM_s1,ESTM_s2,ESTM_s3,ESTM_s4,ESTM_s5,ESTM_s6,ESTM_s7,ESTM_s8,ESTM_s9,ESTM_nStat,ESTM_statNaN,ESTM_covNaN,ESTM_kGainNaN,PWR_Periph5V,PWR_Servo5V,PWR_RSSI,PWR_UsbOk,PWR_BrickOk,PWR_ServoOk,PWR_PeriphOC,PWR_HipwrOC,VICN_X,VICN_Y,VICN_Z,VICN_Roll,VICN_Pitch,VICN_Yaw,GS0A_s0,GS0A_s1,GS0A_s2,GS0A_s3,GS0A_s4,GS0A_s5,GS0A_s6,GS0A_s7,GS0A_s8,GS0A_s9,GS0A_s10,GS0A_s11,GS0A_s12,GS0A_s13,GS0A_s14,GS0A_s15,GS0B_s0,GS0B_s1,GS0B_s2,GS0B_s3,GS0B_s4,GS0B_s5,GS0B_s6,GS0B_s7,GS0B_s8,GS0B_s9,GS0B_s10,GS0B_s11,GS0B_s12,GS0B_s13,GS0B_s14,GS0B_s15,GS1A_s0,GS1A_s1,GS1A_s2,GS1A_s3,GS1A_s4,GS1A_s5,GS1A_s6,GS1A_s7,GS1A_s8,GS1A_s9,GS1A_s10,GS1A_s11,GS1A_s12,GS1A_s13,GS1A_s14,GS1A_s15,GS1B_s0,GS1B_s1,GS1B_s2,GS1B_s3,GS1B_s4,GS1B_s5,GS1B_s6,GS1B_s7,GS1B_s8,GS1B_s9,GS1B_s10,GS1B_s11,GS1B_s12,GS1B_s13,GS1B_s14,GS1B_s15,TIME_StartTime,VER_Arch,VER_FwGit,PARM_Name,PARM_Value
,,,,,,,,,,,,,,,,,,,,,,,,,,,,,,,,,,,,,,,,,,,,,,,,,,,,,,,,,,,,,,,,,,,,,,,,,,,,,,,,,,,,,,,,,,,,,,,,,,,,,,,,,,,,,,,,,,,,,,,,,,,,,,,,,,,,,,,,,,,,,,,,,,,,,,,,,,,,,,,,,,,,,,,,,,,,,,,,,,,,,,,,,,,,,,,,,,,,,,,,,,,,,,,,,,,,,,,,,,,,,,,,,,,,,,,,,,,,,,,,,,PX4FMU_V1,251760679a4bed86fdb10746062fde2cc23e460f,test,305419904.0
0.00330619770102,-0.0133632691577,-2.25568795204,-0.0542067103088,0.0179488770664,-0.00721587333828,-0.254661798477,0.416826844215,-9.85282611847,0.0,0.0,-2.25244808197,0.0,-0.254661798477,0.416826844215,-9.85282611847,-0.0470207482576,0.0290230568498,0.00571645610034,-0.101127289236,0.112721502781,0.397754698992,1019.39996338,-51.0680618286,37.219997406,0.0,0.0,-12.6052703857,-2.14062190056,-0.523769617081,0.718835711479,1.49755716324,-3.58192300797,3.90057015419,-0.13814689219,0.0,0.0,0.0,10,1,0,20.0387706757,3.14071536064,,,,,,,,,,,,,,,,,,,,0.00489797163755,0.00635278690606,0.0015650409041,0.0,0,2,0,0.984877288342,0,1,0.0,-0.0,0.0,0.0247524753213,-1.0,0.779448628426,-0.998161792755,0.0,7,0,10.0,10.0,10.0,10.0,0.0,0.0,0.0,0.0,,,,-0.016530001536,0.0668164715171,0.00321773230098,0,0,0.0,0.0,4.35300016403,0,77,,,,,,,,,,,,,,,,,,,,,,,,,,,,,,,,,11.5657138824,11.6533079147,-1.0,-1.0,,,,,,,,,,,,,,,,,,,,,,,,,,,,,,,,,,,,,,,,,,,,,,,,,,,,,,,,,,,,,,,,,,,,,,,,,,,,,,,,,,,,,,,,,,,,,,,,,,,,,,,432229818,PX4FMU_V1,251760679a4bed86fdb10746062fde2cc23e460f,test,305419904.0
0.00306615466252,-0.0126681411639,-2.2533094883,0.0169261284173,0.0172413568944,0.00770699884742,0.203301519156,-0.182323664427,-9.74247169495,0.0,0.0,-2.25244808197,0.0,0.203301519156,-0.182323664427,-9.74247169495,0.0425654388964,-0.0107879852876,-0.00721410335973,-0.104796789587,0.16931347549,0.395084351301,1019.35998535,-50.7367172241,37.219997406,0.0,0.0,-12.6052703857,-2.14062190056,-0.525606691837,0.718835711479,1.49755716324,-3.58192300797,3.90057015419,-0.139802500606,0.0,0.0,0.0,10,1,0,20.0387706757,3.14083600044,,,,,,,,,,,,,,,,,,,,-0.00419328967109,0.00599292479455,-0.00102976697963,0.0,0,2,0,0.969509780407,0,1,0.0,-0.0,0.0,0.0272277221084,-1.0,0.776942372322,-0.998161792755,0.0,7,0,10.0,10.0,10.0,10.0,0.0,0.0,0.0,0.0,,,,-0.0153299458325,0.0633407831192,0.000841885921545,0,0,0.0,0.0,4.35300016403,0,77,,,,,,,,,,,,,,,,,,,,,,,,,,,,,,,,,11.5657138824,11.6531410217,-1.0,-1.0,,,,,,,,,,,,,,,,,,,,,,,,,,,,,,,,,,,,,,,,,,,,,,,,,,,,,,,,,,,,,,,,,,,,,,,,,,,,,,,,,,,,,,,,,,,,,,,,,,,,,,,432251302,PX4FMU_V1,251760679a4bed86fdb10746062fde2cc23e460f,test,305419904.0
0.00386723875999,-0.0137729942799,-2.25425815582,0.0312544740736,-0.0622440800071,-0.000586987473071,-0.490814656019,0.233471438289,-9.82839202881,0.0,0.0,-2.25244808197,0.0,-0.490814656019,0.233471438289,-9.82839202881,0.0187406539917,-0.0470834933221,0.00144013378303,-0.0864492058754,0.0944123342633,0.391523957253,1019.41998291,-51.2337265015,37.219997406,0.0,0.0,-12.6052703857,-2.14062190056,-0.524592280388,0.718835711479,1.49755716324,-3.58192300797,3.90057015419,-0.138513445854,0.0,0.0,0.0,10,1,0,20.0387706757,3.14095592499,,,,,,,,,,,,,,,,,,,,-0.00657662609592,0.0170441959053,0.000355562893674,0.0,0,2,0,0.969509780407,0,1,0.0,-0.0,0.0,0.0247524753213,-1.0,0.776942372322,-0.996323525906,0.0,7,0,10.0,10.0,10.0,10.0,0.0,0.0,0.0,0.0,,,,-0.0193349625915,0.0688651353121,0.00178343174048,0,0,0.0,0.0,4.35300016403,0,77,,,,,,,,,,,,,,,,,,,,,,,,,,,,,,,,,11.5657138824,11.6529579163,-1.0,-1.0,,,,,,,,,,,,,,,,,,,,,,,,,,,,,,,,,,,,,,,,,,,,,,,,,,,,,,,,,,,,,,,,,,,,,,,,,,,,,,,,,,,,,,,,,,,,,,,,,,,,,,,432273578,PX4FMU_V1,251760679a4bed86fdb10746062fde2cc23e460f,test,305419904.0
0.00452150218189,-0.0140716396272,-2.25397491455,0.0498727224767,-0.00430607004091,-0.00690890755504,0.181823343039,-0.171585917473,-9.67278862,0.0,0.0,-2.25244808197,0.0,0.181823343039,-0.171585917473,-9.67278862,0.0519260577857,0.00828296691179,-0.00823185220361,-0.0882839411497,0.0852577537298,0.399534910917,1019.36999512,-50.8195533752,37.219997406,0.0,0.0,-12.6052703857,-2.14062190056,-0.522830307484,0.718835711479,1.49755716324,-3.58192300797,3.90057015419,-0.139344245195,0.0,0.0,0.0,10,1,0,20.0387706757,3.14101624489,,,,,,,,,,,,,,,,,,,,-0.00942223519087,0.00970638170838,0.00126058689784,0.0,0,2,0,0.969509780407,0,1,0.0,-0.0,0.0,0.0247524753213,-1.0,0.776942372322,-0.996323525906,0.0,7,0,10.0,10.0,10.0,10.0,0.0,0.0,0.0,0.0,,,,-0.0226060096174,0.0703584104776,0.00149500428233,-2,0,0.332391560078,0.122164778411,4.35300016403,0,77,,,,,,,,,,,,,,,,,,,,,,,,,,,,,,,,,11.5657138824,11.6528711319,-1.0,-1.0,,,,,,,,,,,,,,,,,,,,,,,,,,,,,,,,,,,,,,,,,,,,,,,,,,,,,,,,,,,,,,,,,,,,,,,,,,,,,,,,,,,,,,,,,,,,,,,,,,,,,,,432294359,PX4FMU_V1,251760679a4bed86fdb10746062fde2cc23e460f,test,305419904.0
0.005287040025,-0.0145922712982,-2.25254058838,0.0134943230078,-0.0398173294961,0.00338002177887,-0.455982327461,-0.321011096239,-9.8258972168,0.0,0.0,-2.25244808197,0.0,-0.455982327461,-0.321011096239,-9.8258972168,-0.0119502954185,-0.0486927255988,0.00322594027966,-0.0992925167084,0.161823362112,0.389743715525,1019.39996338,-51.0680618286,37.2099990845,0.0,0.0,-12.6052703857,-2.14062190056,-0.524327158928,0.718835711479,1.49755716324,-3.58192300797,3.90057015419,-0.138559028506,0.0,0.0,0.0,10,1,0,20.0387706757,3.14113736153,,,,,,,,,,,,,,,,,,,,-0.00519059365615,0.0146612720564,-0.000498911947943,0.0,0,2,0,0.968522369862,0,1,0.0,-0.0,0.0,0.0247524753213,-0.99816006422,0.776942372322,-0.998161792755,0.0,7,0,10.0,10.0,10.0,10.0,0.0,0.0,0.0,0.0,,,,-0.0264333225787,0.0729616880417,5.39422035217e-05,0,0,0.0,0.0,4.35300016403,0,77,,,,,,,,,,,,,,,,,,,,,,,,,,,,,,,,,11.5657138824,11.6526975632,-1.0,-1.0,,,,,,,,,,,,,,,,,,,,,,,,,,,,,,,,,,,,,,,,,,,,,,,,,,,,,,,,,,,,,,,,,,,,,,,,,,,,,,,,,,,,,,,,,,,,,,,,,,,,,,,432315523,PX4FMU_V1,251760679a4bed86fdb10746062fde2cc23e460f,test,305419904.0
0.00487639475614,-0.0145689873025,-2.25282382965,-0.00465123122558,0.0330751724541,0.00264776404947,-0.0103572532535,0.138370111585,-9.86002159119,0.0,0.0,-2.25244808197,0.0,-0.0103572532535,0.138370111585,-9.86002159119,0.0106707382947,0.0513670966029,-0.00250951061025,-0.11305321753,0.127701729536,0.397754698992,1019.38000488,-50.9023895264,37.2099990845,0.0,0.0,-12.6052703857,-2.14062190056,-0.523491680622,0.718835711479,1.49755716324,-3.58192300797,3.90057015419,-0.139703318477,0.0,0.0,0.0,10,1,0,20.0387706757,3.14125657082,,,,,,,,,,,,,,,,,,,,-0.00256477273069,0.00517010688782,-0.000346140062902,0.0,0,2,0,0.968522369862,0,1,0.0,-0.0,0.0,0.0173267330974,-1.0,0.776942372322,-0.998161792755,0.0,7,0,10.0,10.0,10.0,10.0,0.0,0.0,0.0,0.0,,,,-0.0243802536279,0.0728452280164,0.000340163707733,0,0,0.0,0.0,4.35300016403,0,77,,,,,,,,,,,,,,,,,,,,,,,,,,,,,,,,,11.5740947723,11.6525411606,-1.0,-1.0,,,,,,,,,,,,,,,,,,,,,,,,,,,,,,,,,,,,,,,,,,,,,,,,,,,,,,,,,,,,,,,,,,,,,,,,,,,,,,,,,,,,,,,,,,,,,,,,,,,,,,,432337493,PX4FMU_V1,251760679a4bed86fdb10746062fde2cc23e460f,test,305419904.0
0.005032540299,-0.0141914468259,-2.24921560287,-0.0191445145756,0.00502538029104,-0.0114806778729,-0.158559769392,-0.602973937988,-9.80430030823,0.0,0.0,-2.25244808197,0.0,-0.158559769392,-0.602973937988,-9.80430030823,-0.0379986166954,-0.0200233533978,-0.00905583798885,-0.0763580128551,0.148507609963,0.386183291674,1019.34997559,-50.653881073,37.2099990845,0.0,0.0,-12.6052703857,-2.14062190056,-0.526486515999,0.718835711479,1.49755716324,-3.58192300797,3.90057015419,-0.139298141003,0.0,0.0,0.0,10,1,0,20.0387706757,3.1413769722,,,,,,,,,,,,,,,,,,,,-0.000782143790275,0.00857118051499,0.00123186013661,0.0,0,2,0,0.968522369862,0,1,0.0,-0.0,0.0,-0.0201005022973,-1.0,0.776942372322,-0.998161792755,0.0,7,0,10.0,10.0,10.0,10.0,0.0,0.0,0.0,0.0,,,,-0.0251610055566,0.0709575414658,-0.00326827773824,0,0,0.0,0.0,4.35300016403,0,77,,,,,,,,,,,,,,,,,,,,,,,,,,,,,,,,,11.5740947723,11.652384758,-1.0,-1.0,,,,,,,,,,,,,,,,,,,,,,,,,,,,,,,,,,,,,,,,,,,,,,,,,,,,,,,,,,,,,,,,,,,,,,,,,,,,,,,,,,,,,,,,,,,,,,,,,,,,,,,432358057,PX4FMU_V1,251760679a4bed86fdb10746062fde2cc23e460f,test,305419904.0
0.00400870060548,-0.0140984766185,-2.25179290771,-0.0463566631079,0.027376499027,0.0101450942457,-0.170256212354,0.578212320805,-9.93707275391,0.0,0.0,-2.25244808197,0.0,-0.170256212354,0.578212320805,-9.93707275391,-0.0308718644083,0.0536273047328,0.0187342446297,-0.120392255485,0.100237980485,0.406655758619,1019.41998291,-51.2337265015,37.2099990845,0.0,0.0,-12.6052703857,-2.14062190056,-0.527054905891,0.718835711479,1.49755716324,-3.58192300797,3.90057015419,-0.140163466334,0.0,0.0,0.0,10,1,0,20.0387706757,3.14143753052,,,,,,,,,,,,,,,,,,,,0.00342088355683,0.00560508854687,-0.00162427825853,0.0,0,2,0,0.968522369862,0,1,0.0,-0.0,0.0,-0.140703514218,-1.0,0.776942372322,-0.996323525906,0.0,7,0,10.0,10.0,10.0,10.0,0.0,0.0,0.0,0.0,,,,-0.0200421735644,0.0704925656319,-0.000683426915202,0,0,0.0,0.0,4.35300016403,0,77,,,,,,,,,,,,,,,,,,,,,,,,,,,,,,,,,11.5824756622,11.6523151398,-1.0,-1.0,,,,,,,,,,,,,,,,,,,,,,,,,,,,,,,,,,,,,,,,,,,,,,,,,,,,,,,,,,,,,,,,,,,,,,,,,,,,,,,,,,,,,,,,,,,,,,,,,,,,,,,432379104,PX4FMU_V1,251760679a4bed86fdb10746062fde2cc23e460f,test,305419904.0
0.00378624582663,-0.0131079303101,-2.25258755684,-0.0143791306764,0.020371844992,-0.0124832587317,0.0519501157105,-0.597315311432,-9.67087268829,0.0,0.0,-2.25244808197,0.0,0.0519501157105,-0.597315311432,-9.67087268829,-0.0206932071596,-0.0127329584211,-0.0148552218452,-0.124979175627,0.11521820724,0.408435970545,1019.38995361,-50.9852256775,37.2099990845,0.0,0.0,-12.6052703857,-2.14062190056,-0.525580108166,0.718835711479,1.49755716324,-3.58192300797,3.90057015419,-0.140660390258,0.0,0.0,0.0,10,1,0,20.0387706757,3.1415579319,,,,,,,,,,,,,,,,,,,,-0.000591632036958,0.00587183656171,0.00188969972078,0.0,0,2,0,0.968522369862,0,1,0.0,-0.0,0.0,-0.374371856451,-0.99816006422,0.776942372322,-0.998161792755,0.0,7,0,10.0,10.0,10.0,10.0,0.0,0.0,0.0,0.0,,,,-0.0189301464707,0.0655398219824,0.00011473896302,0,0,0.0,0.0,4.35300016403,0,77,,,,,,,,,,,,,,,,,,,,,,,,,,,,,,,,,11.5657138824,11.6521587372,-1.0,-1.0,,,,,,,,,,,,,,,,,,,,,,,,,,,,,,,,,,,,,,,,,,,,,,,,,,,,,,,,,,,,,,,,,,,,,,,,,,,,,,,,,,,,,,,,,,,,,,,,,,,,,,,432401609,PX4FMU_V1,251760679a4bed86fdb10746062fde2cc23e460f,test,305419904.0
0.00312159047462,-0.0133298998699,-2.25253176689,-0.0234509278089,-0.00301962369122,0.00534644210711,-0.349816650152,0.618761181831,-9.90015220642,0.0,0.0,-2.25244808197,0.0,-0.349816650152,0.618761181831,-9.90015220642,-0.00803568959236,0.0182902663946,0.0151256583631,-0.122227028012,0.10689586401,0.404875546694,1019.40997314,-51.150894165,37.2099990845,0.0,0.0,-12.6052703857,-2.14062190056,-0.525072336197,0.718835711479,1.49755716324,-3.58192300797,3.90057015419,-0.140629261732,0.0,0.0,0.0,10,1,0,20.0387706757,3.14167761803,,,,,,,,,,,,,,,,,,,,0.00101970753167,0.0090569993481,-0.000792520528194,0.0,0,2,0,0.968522369862,0,1,0.0,-0.0,0.0,-0.728643238544,-0.99816006422,0.776942372322,-0.998161792755,0.0,7,0,10.0,10.0,10.0,10.0,0.0,0.0,0.0,0.0,,,,-0.0156070236117,0.066649608314,6.29723072052e-05,0,0,0.0,0.0,4.35300016403,0,77,,,,,,,,,,,,,,,,,,,,,,,,,,,,,,,,,11.5740947723,11.6520023346,-1.0,-1.0,,,,,,,,,,,,,,,,,,,,,,,,,,,,,,,,,,,,,,,,,,,,,,,,,,,,,,,,,,,,,,,,,,,,,,,,,,,,,,,,,,,,,,,,,,,,,,,,,,,,,,,432422465,PX4FMU_V1,251760679a4bed86fdb10746062fde2cc23e460f,test,305419904.0
0.0034565795213,-0.0128520261496,-2.24986147881,0.028299594298,0.0104136280715,-0.00116366101429,0.282902687788,-0.54142332077,-9.69085693359,0.0,0.0,-2.25244808197,0.0,0.282902687788,-0.54142332077,-9.69085693359,0.0288502722979,-0.0109951058403,-0.0108362790197,-0.0690189749002,0.14517866075,0.38173276186,1019.39996338,-51.0680618286,37.2099990845,0.0,0.0,-12.6052703857,-2.14062190056,-0.523109138012,0.718835711479,1.49755716324,-3.58192300797,3.90057015419,-0.140203163028,0.0,0.0,0.0,10,1,0,20.0387706757,3.14179778099,,,,,,,,,,,,,,,,,,,,-0.00592560088262,0.00700006168336,-0.000216790111153,0.0,0,2,0,0.968522369862,0,1,0.0,-0.0,0.0,-0.912060320377,-1.0,0.776942372322,-0.998161792755,0.0,7,0,10.0,10.0,10.0,10.0,0.0,0.0,0.0,0.0,,,,-0.0172819513828,0.0642602592707,-0.00260892836377,0,0,0.0,0.0,4.35300016403,0,77,,,,,,,,,,,,,,,,,,,,,,,,,,,,,,,,,11.5740947723,11.651845932,-1.0,-1.0,,,,,,,,,,,,,,,,,,,,,,,,,,,,,,,,,,,,,,,,,,,,,,,,,,,,,,,,,,,,,,,,,,,,,,,,,,,,,,,,,,,,,,,,,,,,,,,,,,,,,,,432443620,PX4FMU_V1,251760679a4bed86fdb10746062fde2cc23e460f,test,305419904.0
0.00365917594172,-0.0137127358466,-2.24902319908,0.00628820434213,-0.0372486412525,-0.00240804813802,-0.349993616343,0.481634259224,-10.028298378,0.0,0.0,-2.25244808197,0.0,-0.349993616343,0.481634259224,-10.028298378,0.00823190808296,-0.0158125311136,-0.00215412722901,-0.0827796682715,0.162655591965,0.382622867823,1019.38000488,-50.9023895264,37.2099990845,0.0,0.0,-12.6052703857,-2.14062190056,-0.523290395737,0.718835711479,1.49755716324,-3.58192300797,3.90057015419,-0.141140162945,0.0,0.0,0.0,10,1,0,20.0387706757,3.14191794395,,,,,,,,,,,,,,,,,,,,-0.00319578172639,0.0137556232512,-0.000156276815687,0.0,0,2,0,0.968522369862,0,1,0.0,-0.0,0.0,-0.949748754501,-1.0,0.776942372322,-0.998161792755,0.0,7,0,10.0,10.0,10.0,10.0,0.0,0.0,0.0,0.0,,,,-0.0182947330177,0.0685638487339,-0.00344989355654,0,0,0.0,0.0,4.35300016403,0,77,,,,,,,,,,,,,,,,,,,,,,,,,,,,,,,,,11.5824756622,11.6516981125,-1.0,-1.0,,,,,,,,,,,,,,,,,,,,,,,,,,,,,,,,,,,,,,,,,,,,,,,,,,,,,,,,,,,,,,,,,,,,,,,,,,,,,,,,,,,,,,,,,,,,,,,,,,,,,,,432465908,PX4FMU_V1,251760679a4bed86fdb10746062fde2cc23e460f,test,305419904.0
0.00365917594172,-0.0137127358466,-2.24902319908,0.00628820434213,-0.0372486412525,-0.00240804813802,-0.349993616343,0.481634259224,-10.028298378,0.0,0.0,-2.25244808197,0.0,0.201707810163,-0.546855926514,-9.67442417145,0.0376162715256,0.00259495154023,0.000634486612398,-0.0836970582604,0.0969090461731,0.406655758619,1019.39996338,-51.0680618286,37.2000007629,0.0,0.0,-12.6052703857,-2.14062190056,-0.523290395737,0.718835711479,1.49755716324,-3.58192300797,3.90057015419,-0.141140162945,0.0,0.0,0.0,10,1,0,20.0387706757,3.14191794395,,,,,,,,,,,,,,,,,,,,-0.00319578172639,0.0137556232512,-0.000156276815687,0.0,0,2,0,0.968522369862,0,1,0.0,-0.0,0.0,-0.949748754501,-1.0,0.776942372322,-0.998161792755,0.0,7,0,10.0,10.0,10.0,10.0,0.0,0.0,0.0,0.0,,,,-0.0182947330177,0.0685638487339,-0.00344989355654,0,0,0.0,0.0,4.35300016403,0,77,,,,,,,,,,,,,,,,,,,,,,,,,,,,,,,,,11.5824756622,11.6516981125,-1.0,-1.0,,,,,,,,,,,,,,,,,,,,,,,,,,,,,,,,,,,,,,,,,,,,,,,,,,,,,,,,,,,,,,,,,,,,,,,,,,,,,,,,,,,,,,,,,,,,,,,,,,,,,,,432487057,PX4FMU_V1,251760679a4bed86fdb10746062fde2cc23e460f,test,305419904.0
0.00388924730942,-0.0133273554966,-2.24787187576,-0.00147757632658,-0.00558759691194,-0.00214031967334,-0.0480512753129,-0.51555454731,-9.78408622742,0.0,0.0,-2.25244808197,0.0,-0.0480512753129,-0.51555454731,-9.78408622742,-0.0173669233918,-0.0270679630339,-0.00296963239089,-0.0745232477784,0.132695138454,0.403095304966,1019.39996338,-51.0680618286,37.2000007629,0.0,0.0,-12.6052703857,-2.14062190056,-0.513095915318,0.718835711479,1.49755716324,-3.58192300797,3.90057015419,-0.137260645628,0.0,0.0,0.0,10,1,0,20.0387706757,3.14293980598,,,,,,,,,,,,,,,,,,,,-0.00233577634208,0.00938918907195,-0.000369261164451,0.0,0,2,0,0.968522369862,0,1,0.0,-0.0,0.0,-0.949748754501,-1.0,0.776942372322,-0.998161792755,0.0,7,0,10.0,10.0,10.0,10.0,0.0,0.0,0.0,0.0,,,,-0.0194450877607,0.0666369348764,-0.00460206065327,0,0,0.0,0.0,4.35300016403,0,77,,,,,,,,,,,,,,,,,,,,,,,,,,,,,,,,,11.5740947723,11.650390625,-1.0,-1.0,,,,,,,,,,,,,,,,,,,,,,,,,,,,,,,,,,,,,,,,,,,,,,,,,,,,,,,,,,,,,,,,,,,,,,,,,,,,,,,,,,,,,,,,,,,,,,,,,,,,,,,432679648,PX4FMU_V1,251760679a4bed86fdb10746062fde2cc23e460f,test,305419904.0
0.00352295511402,-0.0135395489633,-2.24789476395,0.000586871639825,0.0127958906814,0.0042666788213,-0.0422775633633,0.200735002756,-9.9612827301,0.0,0.0,-2.25244808197,0.0,-0.0422775633633,0.200735002756,-9.9612827301,0.0167806968093,0.0340954735875,0.0107170566916,-0.0699363574386,0.14767536521,0.391523957253,1019.36999512,-50.8195533752,37.1800003052,0.0,0.0,-12.6052703857,-2.14062190056,-0.511687934399,0.718835711479,1.49755716324,-3.58192300797,3.90057015419,-0.136675462127,0.0,0.0,0.0,10,1,0,20.0387706757,3.14306044579,,,,,,,,,,,,,,,,,,,,-0.00236607319675,0.00713725853711,-0.00132656469941,0.0,0,2,0,0.968522369862,0,1,0.0,-0.0,0.0,-0.952261328697,-1.0,0.776942372322,-0.998161792755,0.0,7,0,10.0,10.0,10.0,10.0,0.0,0.0,0.0,0.0,,,,-0.0176136922091,0.0676978826523,-0.00457708630711,0,0,0.0,0.0,4.35300016403,0,77,,,,,,,,,,,,,,,,,,,,,,,,,,,,,,,,,11.5740947723,11.6502466202,-1.0,-1.0,,,,,,,,,,,,,,,,,,,,,,,,,,,,,,,,,,,,,,,,,,,,,,,,,,,,,,,,,,,,,,,,,,,,,,,,,,,,,,,,,,,,,,,,,,,,,,,,,,,,,,,432702389,PX4FMU_V1,251760679a4bed86fdb10746062fde2cc23e460f,test,305419904.0
0.00376412179321,-0.0131601840258,-2.24717330933,-0.00326463766396,0.00268629030325,-0.00372679112479,0.030864726752,-0.520883738995,-9.75841617584,0.0,0.0,-2.25244808197,0.0,0.030864726752,-0.520883738995,-9.75841617584,-0.0173371359706,-0.0209904387593,-0.00930493324995,-0.104796789587,0.153501003981,0.38440310955,1019.39996338,-51.0680618286,37.1800003052,0.0,0.0,-12.6052703857,-2.14062190056,-0.511468946934,0.718835711479,1.49755716324,-3.58192300797,3.90057015419,-0.136729761958,0.0,0.0,0.0,10,1,0,20.0387706757,3.14318108559,,,,,,,,,,,,,,,,,,,,-0.00202213530429,0.00820492301136,-0.000235915722442,0.0,0,2,0,0.966773986816,0,1,0.0,-0.0,0.0,-0.952261328697,-1.0,0.776942372322,-0.998161792755,0.0,7,0,10.0,10.0,10.0,10.0,0.0,0.0,0.0,0.0,,,,-0.0188195258379,0.0658010840416,-0.00529956258833,0,0,0.0,0.0,4.35300016403,0,77,,,,,,,,,,,,,,,,,,,,,,,,,,,,,,,,,11.5657138824,11.6500768661,-1.0,-1.0,,,,,,,,,,,,,,,,,,,,,,,,,,,,,,,,,,,,,,,,,,,,,,,,,,,,,,,,,,,,,,,,,,,,,,,,,,,,,,,,,,,,,,,,,,,,,,,,,,,,,,,432722901,PX4FMU_V1,251760679a4bed86fdb10746062fde2cc23e460f,test,305419904.0
0.00338275800459,-0.0134507222101,-2.24727869034,-0.00578445382416,5.50131189812e-05,-0.00230751512572,-0.18630361557,0.395074725151,-10.0265712738,0.0,0.0,-2.25244808197,0.0,-0.18630361557,0.395074725151,-10.0265712738,0.0120033388957,0.0202742796391,0.00651270989329,-0.112135834992,0.141017496586,0.39063385129,1019.40997314,-51.150894165,37.1699981689,0.0,0.0,-12.6052703857,-2.14062190056,-0.509724855423,0.718835711479,1.49755716324,-3.58192300797,3.90057015419,-0.136889979243,0.0,0.0,0.0,10,1,0,20.0387706757,3.14330101013,,,,,,,,,,,,,,,,,,,,-0.00144668098073,0.00873583462089,-0.000432691536844,0.0,0,2,0,0.966773986816,0,1,0.0,-0.0,0.0,-0.952261328697,-1.0,0.776942372322,-0.998161792755,0.0,7,0,10.0,10.0,10.0,10.0,0.0,0.0,0.0,0.0,,,,-0.0169127695262,0.0672537460923,-0.00519212521613,0,0,0.0,0.0,4.35300016403,0,77,,,,,,,,,,,,,,,,,,,,,,,,,,,,,,,,,11.5740947723,11.6499242783,-1.0,-1.0,,,,,,,,,,,,,,,,,,,,,,,,,,,,,,,,,,,,,,,,,,,,,,,,,,,,,,,,,,,,,,,,,,,,,,,,,,,,,,,,,,,,,,,,,,,,,,,,,,,,,,,432744188,PX4FMU_V1,251760679a4bed86fdb10746062fde2cc23e460f,test,305419904.0
0.00370380980894,-0.0131141757593,-2.24550366402,0.00264812353998,-0.0039982884191,0.00438521290198,0.0784902274609,-0.445944160223,-9.84988212585,0.0,0.0,-2.25244808197,0.0,0.0784902274609,-0.445944160223,-9.84988212585,-0.0120386797935,-0.025510950014,0.00479015149176,-0.11305321753,0.146843135357,0.394194245338,1019.41998291,-51.2337265015,37.1699981689,0.0,0.0,-12.6052703857,-2.14062190056,-0.509201109409,0.718835711479,1.49755716324,-3.58192300797,3.90057015419,-0.135824024677,0.0,0.0,0.0,10,1,0,20.0387706757,3.14342141151,,,,,,,,,,,,,,,,,,,,-0.00275159347802,0.00904400926083,-0.00170310528483,0.0,0,2,0,0.966773986816,0,1,0.0,-0.0,0.0,-0.952261328697,-1.0,0.776942372322,-0.998161792755,0.0,7,0,10.0,10.0,10.0,10.0,0.0,0.0,0.0,0.0,,,,-0.0185179822147,0.0655710175633,-0.00696882233024,0,0,0.0,0.0,4.35300016403,0,77,,,,,,,,,,,,,,,,,,,,,,,,,,,,,,,,,11.5740947723,11.649772644,-1.0,-1.0,,,,,,,,,,,,,,,,,,,,,,,,,,,,,,,,,,,,,,,,,,,,,,,,,,,,,,,,,,,,,,,,,,,,,,,,,,,,,,,,,,,,,,,,,,,,,,,,,,,,,,,432766624,PX4FMU_V1,251760679a4bed86fdb10746062fde2cc23e460f,test,305419904.0
0.00345345260575,-0.0135863022879,-2.24540448189,-0.000451782922028,-0.0114646777511,-0.0092203412205,-0.321071237326,0.422490179539,-9.72666740417,0.0,0.0,-2.25244808197,0.0,-0.321071237326,0.422490179539,-9.72666740417,0.0139307752252,0.00903943739831,-0.00667980918661,-0.0846144407988,0.101070217788,0.387073397636,1019.41998291,-51.2337265015,37.1699981689,0.0,0.0,-12.6052703857,-2.14062190056,-0.507508277893,0.718835711479,1.49755716324,-3.58192300797,3.90057015419,-0.135599419475,0.0,0.0,0.0,10,1,0,20.0387706757,3.143481493,,,,,,,,,,,,,,,,,,,,-0.00218587461859,0.0103215212002,0.000322970736306,0.0,0,2,0,0.966773986816,0,1,0.0,-0.0,0.0,-0.952261328697,-1.0,0.776942372322,-0.998161792755,0.0,7,0,10.0,10.0,10.0,10.0,0.0,0.0,0.0,0.0,,,,-0.017266202718,0.0679316446185,-0.00706720305607,0,0,0.0,0.0,4.35300016403,0,77,,,,,,,,,,,,,,,,,,,,,,,,,,,,,,,,,11.5740947723,11.6496973038,-1.0,-1.0,,,,,,,,,,,,,,,,,,,,,,,,,,,,,,,,,,,,,,,,,,,,,,,,,,,,,,,,,,,,,,,,,,,,,,,,,,,,,,,,,,,,,,,,,,,,,,,,,,,,,,,432787357,PX4FMU_V1,251760679a4bed86fdb10746062fde2cc23e460f,test,305419904.0
0.00382329360582,-0.0132935354486,-2.24497699738,0.0159382075071,0.00780541729182,0.00216666958295,0.140041023493,-0.466716170311,-9.58546447754,0.0,0.0,-2.25244808197,0.0,0.140041023493,-0.466716170311,-9.58546447754,0.00485357362777,-0.0028993638698,0.00167904573027,-0.10296202451,0.144346430898,0.399534910917,1019.38000488,-50.9023895264,37.1599998474,0.0,0.0,-12.6052703857,-2.14062190056,-0.505752027035,0.718835711479,1.49755716324,-3.58192300797,3.90057015419,-0.134386345744,0.0,0.0,0.0,10,1,0,20.0387706757,3.14360165596,,,,,,,,,,,,,,,,,,,,-0.00455696135759,0.00762611394748,-0.00144945993088,0.0,0,2,0,0.966773986816,0,1,0.0,-0.0,0.0,-0.952261328697,-1.0,0.776942372322,-0.998161792755,0.0,7,0,10.0,10.0,10.0,10.0,0.0,0.0,0.0,0.0,,,,-0.0191153418273,0.0664678364992,-0.00749639654532,0,0,0.0,0.0,4.35300016403,0,77,,,,,,,,,,,,,,,,,,,,,,,,,,,,,,,,,11.5740947723,11.6495466232,-1.0,-1.0,,,,,,,,,,,,,,,,,,,,,,,,,,,,,,,,,,,,,,,,,,,,,,,,,,,,,,,,,,,,,,,,,,,,,,,,,,,,,,,,,,,,,,,,,,,,,,,,,,,,,,,432808594,PX4FMU_V1,251760679a4bed86fdb10746062fde2cc23e460f,test,305419904.0
0.00362041266635,-0.0137088513002,-2.24564695358,-0.0055118277669,-0.00949057098478,-0.006545081269,-0.311276167631,0.372830748558,-9.81289863586,0.0,0.0,-2.25244808197,0.0,-0.311276167631,0.372830748558,-9.81289863586,0.00796133652329,0.00891125388443,-0.00890990719199,-0.123144410551,0.151836544275,0.398644804955,1019.35998535,-50.7367172241,37.1599998474,0.0,0.0,-12.6052703857,-2.14062190056,-0.507633149624,0.718835711479,1.49755716324,-3.58192300797,3.90057015419,-0.135242849588,0.0,0.0,0.0,10,1,0,20.0387706757,3.14372134209,,,,,,,,,,,,,,,,,,,,-0.00163658405654,0.010144546628,-4.2120951548e-05,0.0,0,2,0,0.966773986816,0,1,0.0,-0.0,0.0,-0.952261328697,-1.0,0.776942372322,-0.998161792755,0.0,7,0,10.0,10.0,10.0,10.0,0.0,0.0,0.0,0.0,,,,-0.0181009359658,0.0685444027185,-0.0068258875981,0,0,0.0,0.0,4.35300016403,0,77,,,,,,,,,,,,,,,,,,,,,,,,,,,,,,,,,11.5824756622,11.6494045258,-1.0,-1.0,,,,,,,,,,,,,,,,,,,,,,,,,,,,,,,,,,,,,,,,,,,,,,,,,,,,,,,,,,,,,,,,,,,,,,,,,,,,,,,,,,,,,,,,,,,,,,,,,,,,,,,432830653,PX4FMU_V1,251760679a4bed86fdb10746062fde2cc23e460f,test,305419904.0
0.00384783628397,-0.0133354589343,-2.24625182152,0.00735382735729,0.0136483227834,0.00234459340572,0.150526180863,-0.504597902298,-9.7133026123,0.0,0.0,-2.25244808197,0.0,0.150526180863,-0.504597902298,-9.7133026123,-0.00148927897681,0.00256147561595,0.00125323189422,-0.107548944652,0.126869499683,0.38440310955,1019.41998291,-51.2337265015,37.1699981689,0.0,0.0,-12.6052703857,-2.14062190056,-0.507242500782,0.718835711479,1.49755716324,-3.58192300797,3.90057015419,-0.135051414371,0.0,0.0,0.0,10,1,0,20.0387706757,3.14384174347,,,,,,,,,,,,,,,,,,,,-0.0034569427371,0.00689378846437,-0.00128496973775,0.0,0,2,0,0.966773986816,0,1,0.0,-0.0,0.0,-0.952261328697,-1.0,0.776942372322,-0.998161792755,0.0,7,0,10.0,10.0,10.0,10.0,0.0,0.0,0.0,0.0,,,,-0.0192380417138,0.0666774660349,-0.00622187089175,0,0,0.0,0.0,4.35300016403,0,77,,,,,,,,,,,,,,,,,,,,,,,,,,,,,,,,,11.5657138824,11.6492452621,-1.0,-1.0,,,,,,,,,,,,,,,,,,,,,,,,,,,,,,,,,,,,,,,,,,,,,,,,,,,,,,,,,,,,,,,,,,,,,,,,,,,,,,,,,,,,,,,,,,,,,,,,,,,,,,,432852081,PX4FMU_V1,251760679a4bed86fdb10746062fde2cc23e460f,test,305419904.0
0.00358342844993,-0.0136256897822,-2.24699187279,-0.0161783024669,-0.014857028611,-0.00449359277263,-0.446916848421,0.342821657658,-9.85919475555,0.0,0.0,-2.25244808197,0.0,-0.446916848421,0.342821657658,-9.85919475555,-0.00889834482223,-0.0105224940926,-0.00715135969222,-0.143326759338,0.144346430898,0.387073397636,1019.38995361,-50.9852256775,37.1699981689,0.0,0.0,-12.6052703857,-2.14062190056,-0.50552624464,0.718835711479,1.49755716324,-3.58192300797,3.90057015419,-0.133348584175,0.0,0.0,0.0,10,1,0,20.0387706757,3.14390230179,,,,,,,,,,,,,,,,,,,,-0.000225905212574,0.0107881296426,-0.000148071208969,0.0,0,2,0,0.966773986816,0,1,0.0,-0.0,0.0,-0.952261328697,-1.0,0.776942372322,-0.998161792755,0.0,7,0,10.0,10.0,10.0,10.0,0.0,0.0,0.0,0.0,,,,-0.0179160349071,0.0681285858154,-0.00548073416576,0,0,0.0,0.0,4.35300016403,0,77,,,,,,,,,,,,,,,,,,,,,,,,,,,,,,,,,11.5740947723,11.6491699219,-1.0,-1.0,,,,,,,,,,,,,,,,,,,,,,,,,,,,,,,,,,,,,,,,,,,,,,,,,,,,,,,,,,,,,,,,,,,,,,,,,,,,,,,,,,,,,,,,,,,,,,,,,,,,,,,432873142,PX4FMU_V1,251760679a4bed86fdb10746062fde2cc23e460f,test,305419904.0
0.00382233713754,-0.013339182362,-2.24871516228,0.0131340278313,0.0122483009472,0.00154316658154,0.161853969097,-0.355247676373,-9.59454250336,0.0,0.0,-2.25244808197,0.0,0.161853969097,-0.355247676373,-9.59454250336,0.00399015564471,0.00379325752147,0.0011378073832,-0.12773129344,0.120211623609,0.38173276186,1019.39996338,-51.0680618286,37.1599998474,0.0,0.0,-12.6052703857,-2.14062190056,-0.504625916481,0.718835711479,1.49755716324,-3.58192300797,3.90057015419,-0.134114712477,0.0,0.0,0.0,10,1,0,20.0387706757,3.14402222633,,,,,,,,,,,,,,,,,,,,-0.00419179582968,0.00707820989192,-0.000795236439444,0.0,0,2,0,0.966773986816,0,1,0.0,-0.0,0.0,-0.952261328697,-1.0,0.776942372322,-0.998161792755,0.0,7,0,10.0,10.0,10.0,10.0,0.0,0.0,0.0,0.0,,,,-0.0191105585545,0.0666960701346,-0.00375840975903,-1,-9,0.194911912084,0.991866588593,4.35300016403,0,77,,,,,,,,,,,,,,,,,,,,,,,,,,,,,,,,,11.5740947723,11.6490192413,-1.0,-1.0,,,,,,,,,,,,,,,,,,,,,,,,,,,,,,,,,,,,,,,,,,,,,,,,,,,,,,,,,,,,,,,,,,,,,,,,,,,,,,,,,,,,,,,,,,,,,,,,,,,,,,,432895315,PX4FMU_V1,251760679a4bed86fdb10746062fde2cc23e460f,test,305419904.0
0.00370904896408,-0.0137362843379,-2.24632310867,-0.00514985434711,-0.0250035114586,-0.00440575648099,-0.523607730865,0.266735374928,-9.77465248108,0.0,0.0,-2.25244808197,0.0,-0.523607730865,0.266735374928,-9.77465248108,0.00389268668368,-0.0219239033759,-0.00824921857566,-0.0543408766389,0.130198433995,0.395084351301,1019.41998291,-51.2337265015,37.1599998474,0.0,0.0,-12.6052703857,-2.14062190056,-0.502686977386,0.718835711479,1.49755716324,-3.58192300797,3.90057015419,-0.132218331099,0.0,0.0,0.0,10,1,0,20.0387706757,3.14414334297,,,,,,,,,,,,,,,,,,,,-0.00174124829937,0.0121790589765,-0.000261706067249,0.0,0,2,0,0.966773986816,0,1,0.0,-0.0,0.0,-0.952261328697,-1.0,0.776942372322,-0.998161792755,0.0,7,0,10.0,10.0,10.0,10.0,0.0,0.0,0.0,0.0,,,,-0.0185440722853,0.0686815679073,-0.00615046359599,3,24,-0.372754603624,-2.75068116188,4.52199983597,0,77,,,,,,,,,,,,,,,,,,,,,,,,,,,,,,,,,11.5740947723,11.6488695145,-1.0,-1.0,,,,,,,,,,,,,,,,,,,,,,,,,,,,,,,,,,,,,,,,,,,,,,,,,,,,,,,,,,,,,,,,,,,,,,,,,,,,,,,,,,,,,,,,,,,,,,,,,,,,,,,432916615,PX4FMU_V1,251760679a4bed86fdb10746062fde2cc23e460f,test,305419904.0
0.00430214824155,-0.0137408496812,-2.24485588074,0.0310425069183,-0.00436012120917,0.00109697273001,0.204494565725,-0.340736925602,-9.54098796844,0.0,0.0,-2.25244808197,0.0,0.204494565725,-0.340736925602,-9.54098796844,0.0209450740367,-0.0129344090819,0.0026311413385,-0.0827796682715,0.148507609963,0.405765652657,1019.35998535,-50.7367172241,37.1599998474,0.0,0.0,-12.6052703857,-2.14062190056,-0.503300487995,0.718835711479,1.49755716324,-3.58192300797,3.90057015419,-0.133783102036,0.0,0.0,0.0,10,1,0,20.0387706757,3.1442630291,,,,,,,,,,,,,,,,,,,,-0.00683174701408,0.00949839502573,-0.00130782625638,0.0,0,2,0,0.965912520885,0,1,0.0,-0.0,0.0,-0.952261328697,-1.0,0.776942372322,-0.998161792755,0.0,7,0,10.0,10.0,10.0,10.0,0.0,0.0,0.0,0.0,,,,-0.0215093940496,0.0687044560909,-0.00762186897919,0,0,0.0,0.0,4.52199983597,0,77,,,,,,,,,,,,,,,,,,,,,,,,,,,,,,,,,11.5740947723,11.6487121582,-1.0,-1.0,,,,,,,,,,,,,,,,,,,,,,,,,,,,,,,,,,,,,,,,,,,,,,,,,,,,,,,,,,,,,,,,,,,,,,,,,,,,,,,,,,,,,,,,,,,,,,,,,,,,,,,432939115,PX4FMU_V1,251760679a4bed86fdb10746062fde2cc23e460f,test,305419904.0
0.00450064847246,-0.0143996560946,-2.24446892738,0.0117508685216,-0.0386451371014,0.00472513213754,-0.540687143803,0.302637428045,-9.9265871048,0.0,0.0,-2.25244808197,0.0,-0.540687143803,0.302637428045,-9.9265871048,0.0201588757336,-0.0353166982532,-0.00163508253172,-0.0635146871209,0.149339839816,0.399534910917,1019.38000488,-50.9023895264,37.1499977112,0.0,0.0,-12.6052703857,-2.14062190056,-0.503059208393,0.718835711479,1.49755716324,-3.58192300797,3.90057015419,-0.132783100009,0.0,0.0,0.0,10,1,0,20.0387706757,3.14438343048,,,,,,,,,,,,,,,,,,,,-0.00445283297449,0.0143836764619,-0.00191052409355,0.0,0,2,0,0.965912520885,0,1,0.0,-0.0,0.0,-0.952261328697,-1.0,0.776942372322,-0.998161792755,0.0,7,0,10.0,10.0,10.0,10.0,0.0,0.0,0.0,0.0,,,,-0.0225016921759,0.0719985291362,-0.00801169499755,-10,3,1.37267124653,-0.428208768368,4.52199983597,0,77,,,,,,,,,,,,,,,,,,,,,,,,,,,,,,,,,11.5740947723,11.6485548019,-1.0,-1.0,,,,,,,,,,,,,,,,,,,,,,,,,,,,,,,,,,,,,,,,,,,,,,,,,,,,,,,,,,,,,,,,,,,,,,,,,,,,,,,,,,,,,,,,,,,,,,,,,,,,,,,432959815,PX4FMU_V1,251760679a4bed86fdb10746062fde2cc23e460f,test,305419904.0
0.00517807202414,-0.0146025661379,-2.24413108826,0.0395600907505,-0.00490066269413,-0.00691459141672,0.155703395605,-0.370371758938,-9.87024497986,0.0,0.0,-2.25244808197,0.0,0.155703395605,-0.370371758938,-9.87024497986,0.0329091325402,-0.00164114416111,-0.00626494549215,-0.114887982607,0.122708320618,0.387963503599,1019.38000488,-50.9023895264,37.1499977112,0.0,0.0,-12.6052703857,-2.14062190056,-0.503350019455,0.718835711479,1.49755716324,-3.58192300797,3.90057015419,-0.132734626532,0.0,0.0,0.0,10,1,0,20.0387706757,3.14444303513,,,,,,,,,,,,,,,,,,,,-0.00850831903517,0.0101287979633,-0.000216034488403,0.0,0,2,0,0.965912520885,0,1,0.0,-0.0,0.0,-0.952261328697,-1.0,0.776942372322,-0.998161792755,0.0,7,0,10.0,10.0,10.0,10.0,0.0,0.0,0.0,0.0,,,,-0.0258885249496,0.0730131715536,-0.00835482124239,0,0,0.0,0.0,4.52199983597,0,77,,,,,,,,,,,,,,,,,,,,,,,,,,,,,,,,,11.5824756622,11.6484889984,-1.0,-1.0,,,,,,,,,,,,,,,,,,,,,,,,,,,,,,,,,,,,,,,,,,,,,,,,,,,,,,,,,,,,,,,,,,,,,,,,,,,,,,,,,,,,,,,,,,,,,,,,,,,,,,,432981271,PX4FMU_V1,251760679a4bed86fdb10746062fde2cc23e460f,test,305419904.0
0.00526330759749,-0.0150189427659,-2.24319410324,-0.0139774633572,-0.0196273308247,0.00629414524883,-0.532696545124,0.182875663042,-10.0278072357,0.0,0.0,-2.25244808197,0.0,-0.532696545124,0.182875663042,-10.0278072357,-0.0138588938862,-0.0170217193663,0.00597915472463,-0.0947056040168,0.153501003981,0.394194245338,1019.42999268,-51.3165588379,37.1499977112,0.0,0.0,-12.6052703857,-2.14062190056,-0.503932595253,0.718835711479,1.49755716324,-3.58192300797,3.90057015419,-0.131485030055,0.0,0.0,0.0,10,1,0,20.0387706757,3.14456367493,,,,,,,,,,,,,,,,,,,,-0.00160382234026,0.0123139116913,-0.00233814865351,0.0,0,2,0,0.965912520885,0,1,0.0,-0.0,0.0,-0.952261328697,-1.0,0.776942372322,-0.998161792755,0.0,7,0,10.0,10.0,10.0,10.0,0.0,0.0,0.0,0.0,,,,-0.0263145584613,0.0750950649381,-0.0092935115099,0,0,0.0,0.0,4.58500003815,0,77,,,,,,,,,,,,,,,,,,,,,,,,,,,,,,,,,11.5657138824,11.6483402252,-1.0,-1.0,,,,,,,,,,,,,,,,,,,,,,,,,,,,,,,,,,,,,,,,,,,,,,,,,,,,,,,,,,,,,,,,,,,,,,,,,,,,,,,,,,,,,,,,,,,,,,,,,,,,,,,433003188,PX4FMU_V1,251760679a4bed86fdb10746062fde2cc23e460f,test,305419904.0
0.0053088888526,-0.0147576732561,-2.24408984184,0.00131146213971,0.0274662245065,-0.00305218575522,0.151577919722,-0.285900741816,-9.81838989258,0.0,0.0,-2.25244808197,0.0,0.151577919722,-0.285900741816,-9.81838989258,-0.00231184181757,0.0335786491632,-0.0039132386446,-0.0992925167084,0.113553732634,0.39063385129,1019.38995361,-50.9852256775,37.1499977112,0.0,0.0,-12.6052703857,-2.14062190056,-0.500849962234,0.718835711479,1.49755716324,-3.58192300797,3.90057015419,-0.13128644228,0.0,0.0,0.0,10,1,0,20.0387706757,3.14468431473,,,,,,,,,,,,,,,,,,,,-0.00362101802602,0.00602192617953,-0.000801792542916,0.0,0,2,0,0.965912520885,0,1,0.0,-0.0,0.0,-0.952261328697,-1.0,0.776942372322,-0.998161792755,0.0,7,0,10.0,10.0,10.0,10.0,0.0,0.0,0.0,0.0,,,,-0.0265425238758,0.0737887322903,-0.00839746929705,0,0,0.0,0.0,4.58500003815,0,77,,,,,,,,,,,,,,,,,,,,,,,,,,,,,,,,,11.5740947723,11.648191452,-1.0,-1.0,,,,,,,,,,,,,,,,,,,,,,,,,,,,,,,,,,,,,,,,,,,,,,,,,,,,,,,,,,,,,,,,,,,,,,,,,,,,,,,,,,,,,,,,,,,,,,,,,,,,,,,433024560,PX4FMU_V1,251760679a4bed86fdb10746062fde2cc23e460f,test,305419904.0
0.00457044830546,-0.0144514683634,-2.24313855171,-0.0474137291312,0.00969872437418,-0.00076453294605,-0.506437420845,0.238964110613,-9.96983909607,0.0,0.0,-2.25244808197,0.0,-0.506437420845,0.238964110613,-9.96983909607,-0.0399214178324,0.0071441186592,0.00330592878163,-0.0781927853823,0.123540557921,0.386183291674,1019.38000488,-50.9023895264,37.1499977112,0.0,0.0,-12.6052703857,-2.14062190056,-0.50124925375,0.718835711479,1.49755716324,-3.58192300797,3.90057015419,-0.130509093404,0.0,0.0,0.0,10,1,0,20.0387706757,3.14480519295,,,,,,,,,,,,,,,,,,,,0.00319320010021,0.00813265237957,-0.00128670095,0.0,0,2,0,0.965912520885,0,1,0.0,-0.0,0.0,-0.952261328697,-1.0,0.779448628426,-0.998161792755,0.0,7,0,10.0,10.0,10.0,10.0,0.0,0.0,0.0,0.0,,,,-0.022850651294,0.0722575932741,-0.00934253912419,0,0,0.0,0.0,4.58500003815,0,77,,,,,,,,,,,,,,,,,,,,,,,,,,,,,,,,,11.5657138824,11.6480350494,-1.0,-1.0,,,,,,,,,,,,,,,,,,,,,,,,,,,,,,,,,,,,,,,,,,,,,,,,,,,,,,,,,,,,,,,,,,,,,,,,,,,,,,,,,,,,,,,,,,,,,,,,,,,,,,,433046904,PX4FMU_V1,251760679a4bed86fdb10746062fde2cc23e460f,test,305419904.0
0.00426893495023,-0.0138835646212,-2.24124622345,-0.00936472322792,0.0370057113469,0.00351905170828,0.167711302638,-0.219240486622,-9.72016239166,0.0,0.0,-2.25244808197,0.0,0.167711302638,-0.219240486622,-9.72016239166,-0.00775042455643,0.0354307927191,0.00574923260137,-0.0901187136769,0.163487836719,0.403985440731,1019.40997314,-51.150894165,37.1399993896,0.0,0.0,-12.6052703857,-2.14062190056,-0.500346362591,0.718835711479,1.49755716324,-3.58192300797,3.90057015419,-0.131665512919,0.0,0.0,0.0,10,1,0,20.0387706757,3.14492464066,,,,,,,,,,,,,,,,,,,,-0.00155721465126,0.00421360088512,-0.00221258425154,0.0,0,2,0,0.965912520885,0,1,0.0,-0.0,0.0,-0.952261328697,-1.0,0.776942372322,-0.998161792755,0.0,7,0,10.0,10.0,10.0,10.0,0.0,0.0,0.0,0.0,,,,-0.0213432982564,0.069418027997,-0.0112315099686,0,0,0.0,0.0,4.58500003815,0,77,,,,,,,,,,,,,,,,,,,,,,,,,,,,,,,,,11.5740947723,11.6478872299,-1.0,-1.0,,,,,,,,,,,,,,,,,,,,,,,,,,,,,,,,,,,,,,,,,,,,,,,,,,,,,,,,,,,,,,,,,,,,,,,,,,,,,,,,,,,,,,,,,,,,,,,,,,,,,,,433067751,PX4FMU_V1,251760679a4bed86fdb10746062fde2cc23e460f,test,305419904.0
0.00368660874665,-0.0135487113148,-2.2405974865,-0.040912412107,0.00316205411218,-0.00410889275372,-0.228711813688,0.236746490002,-9.89578151703,0.0,0.0,-2.25244808197,0.0,-0.228711813688,0.236746490002,-9.89578151703,-0.0448819324374,-0.0093251792714,-0.00912581849843,-0.0589277818799,0.123540557921,0.39063385129,1019.39996338,-51.0680618286,37.1399993896,0.0,0.0,-12.6052703857,-2.14062190056,-0.499145448208,0.718835711479,1.49755716324,-3.58192300797,3.90057015419,-0.130210146308,0.0,0.0,0.0,10,1,0,20.0387706757,3.14498448372,,,,,,,,,,,,,,,,,,,,0.00292246462777,0.00839561410248,-0.00116500339936,0.0,0,2,0,0.965912520885,0,1,0.0,-0.0,0.0,-0.952261328697,-1.0,0.776942372322,-0.998161792755,0.0,7,0,10.0,10.0,10.0,10.0,0.0,0.0,0.0,0.0,,,,-0.0184319149703,0.067743703723,-0.0118755819276,0,0,0.0,0.0,4.58500003815,0,77,,,,,,,,,,,,,,,,,,,,,,,,,,,,,,,,,11.5740947723,11.647813797,-1.0,-1.0,,,,,,,,,,,,,,,,,,,,,,,,,,,,,,,,,,,,,,,,,,,,,,,,,,,,,,,,,,,,,,,,,,,,,,,,,,,,,,,,,,,,,,,,,,,,,,,,,,,,,,,433088900,PX4FMU_V1,251760679a4bed86fdb10746062fde2cc23e460f,test,305419904.0
0.00370723102242,-0.0133878812194,-2.24107885361,0.0249576065689,0.0117752719671,-0.00294675817713,0.26209706068,-0.233886256814,-9.81801986694,0.0,0.0,-2.25244808197,0.0,0.26209706068,-0.233886256814,-9.81801986694,0.0289254076779,0.00958586484194,-0.000774029060267,-0.0781927853823,0.13685631752,0.389743715525,1019.42999268,-51.3165588379,37.1300010681,0.0,0.0,-12.6052703857,-2.14062190056,-0.497723311186,0.718835711479,1.49755716324,-3.58192300797,3.90057015419,-0.131197944283,0.0,0.0,0.0,10,1,0,20.0387706757,3.14510607719,,,,,,,,,,,,,,,,,,,,-0.00565404444933,0.00717135379091,-0.00126709544566,0.0,0,2,0,0.965912520885,0,1,0.0,-0.0,0.0,-0.952261328697,-1.0,0.776942372322,-0.998161792755,0.0,7,0,10.0,10.0,10.0,10.0,0.0,0.0,0.0,0.0,,,,-0.0185350477695,0.0669395327568,-0.0113940602168,0,0,0.0,0.0,4.58500003815,0,77,,,,,,,,,,,,,,,,,,,,,,,,,,,,,,,,,11.5740947723,11.6476669312,-1.0,-1.0,,,,,,,,,,,,,,,,,,,,,,,,,,,,,,,,,,,,,,,,,,,,,,,,,,,,,,,,,,,,,,,,,,,,,,,,,,,,,,,,,,,,,,,,,,,,,,,,,,,,,,,433111248,PX4FMU_V1,251760679a4bed86fdb10746062fde2cc23e460f,test,305419904.0
0.00375088630244,-0.0136068891734,-2.24121308327,-0.00824858993292,-0.0267769712955,0.00603360217065,-0.23798251152,0.194015979767,-9.87007522583,0.0,0.0,-2.25244808197,0.0,-0.23798251152,0.194015979767,-9.87007522583,-0.0194091871381,-0.0312939919531,0.00116795732174,-0.128648683429,0.14517866075,0.397754698992,1019.36999512,-50.8195533752,37.1300010681,0.0,0.0,-12.6052703857,-2.14062190056,-0.495340049267,0.718835711479,1.49755716324,-3.58192300797,3.90057015419,-0.128587558866,0.0,0.0,0.0,10,1,0,20.0387706757,3.14522600174,,,,,,,,,,,,,,,,,,,,-0.00136560853571,0.0123255038634,-0.00259413942695,0.0,0,2,0,0.965007126331,0,1,0.0,-0.0,0.0,-0.952261328697,-1.0,0.776942372322,-0.998161792755,0.0,7,0,10.0,10.0,10.0,10.0,0.0,0.0,0.0,0.0,,,,-0.0187532715499,0.0680346041918,-0.0112606594339,0,0,0.0,0.0,4.58500003815,0,77,,,,,,,,,,,,,,,,,,,,,,,,,,,,,,,,,11.5657138824,11.6475114822,-1.0,-1.0,,,,,,,,,,,,,,,,,,,,,,,,,,,,,,,,,,,,,,,,,,,,,,,,,,,,,,,,,,,,,,,,,,,,,,,,,,,,,,,,,,,,,,,,,,,,,,,,,,,,,,,433132256,PX4FMU_V1,251760679a4bed86fdb10746062fde2cc23e460f,test,305419904.0
0.00411627581343,-0.0139385852963,-2.24026274681,0.0412277765572,-0.00559042068198,-0.00944214593619,0.00660165585577,-0.0629420354962,-9.75713157654,0.0,0.0,-2.25244808197,0.0,0.00660165585577,-0.0629420354962,-9.75713157654,0.0528061054647,0.00570993497968,-0.0127558000386,-0.0589277818799,0.11521820724,0.382622867823,1019.36999512,-50.8195533752,37.1300010681,0.0,0.0,-12.6052703857,-2.14062190056,-0.496962279081,0.718835711479,1.49755716324,-3.58192300797,3.90057015419,-0.131577908993,0.0,0.0,0.0,10,1,0,20.0387706757,3.1453461647,,,,,,,,,,,,,,,,,,,,-0.00803501624614,0.00978685822338,-0.000415797461756,0.0,0,2,0,0.965007126331,0,1,0.0,-0.0,0.0,-0.954773843288,-0.99816006422,0.776942372322,-0.998161792755,0.0,7,0,10.0,10.0,10.0,10.0,0.0,0.0,0.0,0.0,,,,-0.0205800421536,0.0696931034327,-0.0122141288593,0,0,0.0,0.0,4.58500003815,0,77,,,,,,,,,,,,,,,,,,,,,,,,,,,,,,,,,11.5740947723,11.6473646164,-1.0,-1.0,,,,,,,,,,,,,,,,,,,,,,,,,,,,,,,,,,,,,,,,,,,,,,,,,,,,,,,,,,,,,,,,,,,,,,,,,,,,,,,,,,,,,,,,,,,,,,,,,,,,,,,433153540,PX4FMU_V1,251760679a4bed86fdb10746062fde2cc23e460f,test,305419904.0
0.00456378143281,-0.0142620094121,-2.24004864693,-0.00552068743855,-0.0317457281053,0.00880182906985,-0.297167211771,0.131107881665,-9.86193180084,0.0,0.0,-2.25244808197,0.0,-0.297167211771,0.131107881665,-9.86193180084,-0.0232101846486,-0.0381526723504,0.00677387556061,-0.0947056040168,0.125205025077,0.392414063215,1019.39996338,-51.0680618286,37.1300010681,0.0,0.0,-12.6052703857,-2.14062190056,-0.49492380023,0.718835711479,1.49755716324,-3.58192300797,3.90057015419,-0.12894590199,0.0,0.0,0.0,10,1,0,20.0387706757,3.14546632767,,,,,,,,,,,,,,,,,,,,-0.00224856683053,0.0133972810581,-0.00318506569602,0.0,0,2,0,0.965007126331,0,1,0.0,-0.0,0.0,-0.952261328697,-1.0,0.779448628426,-0.998161792755,0.0,7,0,10.0,10.0,10.0,10.0,0.0,0.0,0.0,0.0,,,,-0.022817356512,0.0713102892041,-0.0124319419265,-11,15,0.0,0.0,4.58500003815,0,77,,,,,,,,,,,,,,,,,,,,,,,,,,,,,,,,,11.5740947723,11.6472177505,-1.0,-1.0,,,,,,,,,,,,,,,,,,,,,,,,,,,,,,,,,,,,,,,,,,,,,,,,,,,,,,,,,,,,,,,,,,,,,,,,,,,,,,,,,,,,,,,,,,,,,,,,,,,,,,,433175760,PX4FMU_V1,251760679a4bed86fdb10746062fde2cc23e460f,test,305419904.0
0.00482154171914,-0.0145773245022,-2.23882579803,0.0346916988492,0.00206420733593,-0.00539214955643,0.0194014534354,-0.149150386453,-9.76654720306,0.0,0.0,-2.25244808197,0.0,0.0194014534354,-0.149150386453,-9.76654720306,0.052599709481,0.0170400924981,-0.014151555486,-0.0928708612919,0.154333248734,0.40042501688,1019.38995361,-50.9852256775,37.1300010681,0.0,0.0,-12.6052703857,-2.14062190056,-0.494575977325,0.718835711479,1.49755716324,-3.58192300797,3.90057015419,-0.130602478981,0.0,0.0,0.0,10,1,0,20.0387706757,3.14552617073,,,,,,,,,,,,,,,,,,,,-0.00764370104298,0.00920695159584,-0.00123980082572,0.0,0,2,0,0.965007126331,0,1,0.0,-0.0,0.0,-0.952261328697,-1.0,0.776942372322,-0.998161792755,0.0,7,0,10.0,10.0,10.0,10.0,0.0,0.0,0.0,0.0,,,,-0.0241060014814,0.0728869140148,-0.0136574888602,0,0,0.0,0.0,4.58500003815,0,77,,,,,,,,,,,,,,,,,,,,,,,,,,,,,,,,,11.5824756622,11.6471529007,-1.0,-1.0,,,,,,,,,,,,,,,,,,,,,,,,,,,,,,,,,,,,,,,,,,,,,,,,,,,,,,,,,,,,,,,,,,,,,,,,,,,,,,,,,,,,,,,,,,,,,,,,,,,,,,,433197066,PX4FMU_V1,251760679a4bed86fdb10746062fde2cc23e460f,test,305419904.0
0.00507149286568,-0.0146749606356,-2.24110150337,-0.0219473149627,-0.0203513130546,0.00128873821814,-0.348728299141,0.0351307280362,-9.86782360077,0.0,0.0,-2.25244808197,0.0,-0.348728299141,0.0351307280362,-9.86782360077,-0.0412801168859,-0.030956659466,0.00362897757441,-0.0836970582604,0.107728101313,0.383513003588,1019.44995117,-51.4822235107,37.1199989319,0.0,0.0,-12.6052703857,-2.14062190056,-0.493231385946,0.718835711479,1.49755716324,-3.58192300797,3.90057015419,-0.128479093313,0.0,0.0,0.0,10,1,0,20.0387706757,3.14564633369,,,,,,,,,,,,,,,,,,,,-0.000443081371486,0.012184433639,-0.00190087337978,0.0,0,2,0,0.965007126331,0,1,0.0,-0.0,0.0,-0.952261328697,-1.0,0.776942372322,-0.998161792755,0.0,7,0,10.0,10.0,10.0,10.0,0.0,0.0,0.0,0.0,,,,-0.0253556333482,0.0733751058578,-0.0113837504759,2,16,0.0,0.0,4.58500003815,0,77,,,,,,,,,,,,,,,,,,,,,,,,,,,,,,,,,11.5657138824,11.6469984055,-1.0,-1.0,,,,,,,,,,,,,,,,,,,,,,,,,,,,,,,,,,,,,,,,,,,,,,,,,,,,,,,,,,,,,,,,,,,,,,,,,,,,,,,,,,,,,,,,,,,,,,,,,,,,,,,433219732,PX4FMU_V1,251760679a4bed86fdb10746062fde2cc23e460f,test,305419904.0
0.00499493442476,-0.0146843176335,-2.23854231834,0.0179383344948,0.0212618075311,0.00180861726403,-0.0830236822367,-0.17635551095,-9.84262466431,0.0,0.0,-2.25244808197,0.0,-0.0830236822367,-0.17635551095,-9.84262466431,0.0382528044283,0.0320322290063,-0.00227361172438,-0.0717710927129,0.157662183046,0.388853609562,1019.38000488,-50.9023895264,37.1199989319,0.0,0.0,-12.6052703857,-2.14062190056,-0.490498930216,0.718835711479,1.49755716324,-3.58192300797,3.90057015419,-0.128897219896,0.0,0.0,0.0,10,1,0,20.0387706757,3.14576625824,,,,,,,,,,,,,,,,,,,,-0.00557845784351,0.0067808101885,-0.0023626696784,0.0,0,2,0,0.965007126331,0,1,0.0,-0.0,0.0,-0.952261328697,-1.0,0.776942372322,-0.998161792755,0.0,7,0,10.0,10.0,10.0,10.0,0.0,0.0,0.0,0.0,,,,-0.0249728821218,0.0734218880534,-0.0139425145462,0,0,0.0,0.0,4.58500003815,0,77,,,,,,,,,,,,,,,,,,,,,,,,,,,,,,,,,11.5657138824,11.6468448639,-1.0,-1.0,,,,,,,,,,,,,,,,,,,,,,,,,,,,,,,,,,,,,,,,,,,,,,,,,,,,,,,,,,,,,,,,,,,,,,,,,,,,,,,,,,,,,,,,,,,,,,,,,,,,,,,433240200,PX4FMU_V1,251760679a4bed86fdb10746062fde2cc23e460f,test,305419904.0
0.00512303877622,-0.0144523903728,-2.24109888077,-0.0212864335626,-0.00653833523393,0.00220759771764,-0.0172310806811,-0.100066155195,-9.68824195862,0.0,0.0,-2.25244808197,0.0,-0.0172310806811,-0.100066155195,-9.68824195862,-0.0487026758492,-0.0231829620898,0.00941719673574,-0.107548944652,0.0910833999515,0.39063385129,1019.39996338,-51.0680618286,37.1199989319,0.0,0.0,-12.6052703857,-2.14062190056,-0.49081453681,0.718835711479,1.49755716324,-3.58192300797,3.90057015419,-0.127289682627,0.0,0.0,0.0,10,1,0,20.0387706757,3.14588689804,,,,,,,,,,,,,,,,,,,,-0.000562507950235,0.0102440780029,-0.00203905557282,0.0,0,2,0,0.965007126331,0,1,0.0,-0.0,0.0,-0.952261328697,-1.0,0.776942372322,-0.998161792755,0.0,7,0,10.0,10.0,10.0,10.0,0.0,0.0,0.0,0.0,,,,-0.0256134178489,0.0722622722387,-0.0113861048594,0,0,0.0,0.0,4.58500003815,0,77,,,,,,,,,,,,,,,,,,,,,,,,,,,,,,,,,11.5740947723,11.6467084885,-1.0,-1.0,,,,,,,,,,,,,,,,,,,,,,,,,,,,,,,,,,,,,,,,,,,,,,,,,,,,,,,,,,,,,,,,,,,,,,,,,,,,,,,,,,,,,,,,,,,,,,,,,,,,,,,433261568,PX4FMU_V1,251760679a4bed86fdb10746062fde2cc23e460f,test,305419904.0
0.00469075050205,-0.014482437633,-2.23824906349,0.0102595426142,0.027216007933,-0.00269625941291,-0.141084253788,-0.170225426555,-9.73258399963,0.0,0.0,-2.25244808197,0.0,-0.141084253788,-0.170225426555,-9.73258399963,0.0332015827298,0.0447445958853,-0.00195397203788,-0.0928708612919,0.167649000883,0.395974457264,1019.38000488,-50.9023895264,37.1199989319,0.0,0.0,-12.6052703857,-2.14062190056,-0.490798145533,0.718835711479,1.49755716324,-3.58192300797,3.90057015419,-0.130097523332,0.0,0.0,0.0,10,1,0,20.0387706757,3.14600658417,,,,,,,,,,,,,,,,,,,,-0.00438251486048,0.00587553856894,-0.00173050176818,0.0,0,2,0,0.965007126331,0,1,0.0,-0.0,0.0,-0.952261328697,-1.0,0.776942372322,-0.998161792755,0.0,7,0,10.0,10.0,10.0,10.0,0.0,0.0,0.0,0.0,,,,-0.0234521105886,0.0724124610424,-0.0142329381779,0,0,0.0,0.0,4.58500003815,0,77,,,,,,,,,,,,,,,,,,,,,,,,,,,,,,,,,11.5740947723,11.6465549469,-1.0,-1.0,,,,,,,,,,,,,,,,,,,,,,,,,,,,,,,,,,,,,,,,,,,,,,,,,,,,,,,,,,,,,,,,,,,,,,,,,,,,,,,,,,,,,,,,,,,,,,,,,,,,,,,433283841,PX4FMU_V1,251760679a4bed86fdb10746062fde2cc23e460f,test,305419904.0
0.00458526331931,-0.0139553211629,-2.23781085014,-0.0393035560846,0.00720162549987,0.00361233903095,-0.00841737352312,-0.178881287575,-9.68639755249,0.0,0.0,-2.25244808197,0.0,-0.00841737352312,-0.178881287575,-9.68639755249,-0.0707803815603,-0.0128055037931,0.0101877599955,-0.0818622857332,0.170977935195,0.393304169178,1019.38000488,-50.9023895264,37.1199989319,0.0,0.0,-12.6052703857,-2.14062190056,-0.491128206253,0.718835711479,1.49755716324,-3.58192300797,3.90057015419,-0.129254773259,0.0,0.0,0.0,10,1,0,20.0387706757,3.14606666565,,,,,,,,,,,,,,,,,,,,0.00212923390791,0.00813477858901,-0.00274223997258,0.0,0,2,0,0.965007126331,0,1,0.0,-0.0,0.0,-0.952261328697,-1.0,0.776942372322,-0.998161792755,0.0,7,0,10.0,10.0,10.0,10.0,0.0,0.0,0.0,0.0,,,,-0.0229248329997,0.0697768479586,-0.0146692600101,0,0,0.0,0.0,4.58500003815,0,77,,,,,,,,,,,,,,,,,,,,,,,,,,,,,,,,,11.5740947723,11.6464824677,-1.0,-1.0,,,,,,,,,,,,,,,,,,,,,,,,,,,,,,,,,,,,,,,,,,,,,,,,,,,,,,,,,,,,,,,,,,,,,,,,,,,,,,,,,,,,,,,,,,,,,,,,,,,,,,,433304873,PX4FMU_V1,251760679a4bed86fdb10746062fde2cc23e460f,test,305419904.0
0.00366437970661,-0.0139187192544,-2.24095058441,-0.0176635198295,0.0257571283728,-0.00652338610962,-0.493047058582,0.26579362154,-9.93835639954,0.0,0.0,-2.25244808197,0.0,-0.493047058582,0.26579362154,-9.93835639954,0.020932758227,0.0480054840446,-0.00872579775751,-0.119474872947,0.1043991521,0.396864563227,1019.40997314,-51.150894165,37.1199989319,0.0,0.0,-12.6052703857,-2.14062190056,-0.490776389837,0.718835711479,1.49755716324,-3.58192300797,3.90057015419,-0.130271539092,0.0,0.0,0.0,10,1,0,20.0387706757,3.14618659019,,,,,,,,,,,,,,,,,,,,-8.54348909343e-05,0.00569876097143,-0.000749950355384,0.0,0,2,0,0.965007126331,0,1,0.0,-0.0,0.0,-0.952261328697,-1.0,0.776942372322,-0.998161792755,0.0,7,0,10.0,10.0,10.0,10.0,0.0,0.0,0.0,0.0,,,,-0.0183207113296,0.0695937499404,-0.0115230549127,0,0,0.0,0.0,4.58500003815,0,77,,,,,,,,,,,,,,,,,,,,,,,,,,,,,,,,,11.5657138824,11.6463289261,-1.0,-1.0,,,,,,,,,,,,,,,,,,,,,,,,,,,,,,,,,,,,,,,,,,,,,,,,,,,,,,,,,,,,,,,,,,,,,,,,,,,,,,,,,,,,,,,,,,,,,,,,,,,,,,,433325950,PX4FMU_V1,251760679a4bed86fdb10746062fde2cc23e460f,test,305419904.0
0.00376302772202,-0.0132140163332,-2.23855495453,-0.0257579404861,0.00173791649286,0.00871007237583,0.1499286443,-0.172123417258,-9.70286941528,0.0,0.0,-2.25244808197,0.0,0.1499286443,-0.172123417258,-9.70286941528,-0.0573281645775,-0.0214446857572,0.0212600436062,-0.0781927853823,0.160991117358,0.386183291674,1019.38000488,-50.9023895264,37.1199989319,0.0,0.0,-12.6052703857,-2.14062190056,-0.489462852478,0.718835711479,1.49755716324,-3.58192300797,3.90057015419,-0.128274440765,0.0,0.0,0.0,10,1,0,20.0387706757,3.14630746841,,,,,,,,,,,,,,,,,,,,0.000902706000488,0.00836320221424,-0.00339423120022,0.0,0,2,0,0.964176177979,0,1,0.0,-0.0,0.0,-0.952261328697,-1.0,0.776942372322,-0.998161792755,0.0,7,0,10.0,10.0,10.0,10.0,0.0,0.0,0.0,0.0,,,,-0.0188140477985,0.0660702437162,-0.0139181334525,0,0,0.0,0.0,4.58500003815,0,77,,,,,,,,,,,,,,,,,,,,,,,,,,,,,,,,,11.5657138824,11.6461849213,-1.0,-1.0,,,,,,,,,,,,,,,,,,,,,,,,,,,,,,,,,,,,,,,,,,,,,,,,,,,,,,,,,,,,,,,,,,,,,,,,,,,,,,,,,,,,,,,,,,,,,,,,,,,,,,,433347630,PX4FMU_V1,251760679a4bed86fdb10746062fde2cc23e460f,test,305419904.0
0.00305236759596,-0.0134933860973,-2.23786520958,0.00121708482038,0.000923756044358,-0.00186387926806,-0.438214063644,0.373317718506,-9.98729801178,0.0,0.0,-2.25244808197,0.0,-0.438214063644,0.373317718506,-9.98729801178,0.0447218120098,0.0207270123065,-0.00270091323182,-0.121309638023,0.107728101313,0.396864563227,1019.44995117,-51.4822235107,37.1100006104,0.0,0.0,-12.6052703857,-2.14062190056,-0.488934665918,0.718835711479,1.49755716324,-3.58192300797,3.90057015419,-0.131362661719,0.0,0.0,0.0,10,1,0,20.0387706757,3.1464278698,,,,,,,,,,,,,,,,,,,,-0.00214213994332,0.00865062698722,-0.00191092630848,0.0,0,2,0,0.964176177979,0,1,0.0,-0.0,0.0,-0.952261328697,-1.0,0.776942372322,-0.998161792755,0.0,7,0,10.0,10.0,10.0,10.0,0.0,0.0,0.0,0.0,,,,-0.0152609162033,0.0674670413136,-0.0146033875644,0,0,0.0,0.0,4.58500003815,0,77,,,,,,,,,,,,,,,,,,,,,,,,,,,,,,,,,11.5740947723,11.6460323334,-1.0,-1.0,,,,,,,,,,,,,,,,,,,,,,,,,,,,,,,,,,,,,,,,,,,,,,,,,,,,,,,,,,,,,,,,,,,,,,,,,,,,,,,,,,,,,,,,,,,,,,,,,,,,,,,433368336,PX4FMU_V1,251760679a4bed86fdb10746062fde2cc23e460f,test,305419904.0
0.00404657283798,-0.0133395995945,-2.23858857155,0.0410131514072,-0.0180792547762,-0.00371065922081,0.477139830589,-0.564903378487,-9.59494590759,0.0,0.0,-2.25244808197,0.0,0.477139830589,-0.564903378487,-9.59494590759,0.0143298646435,-0.0420788004994,0.00528149819002,-0.130483448505,0.119379386306,0.404875546694,1019.41998291,-51.2337265015,37.1100006104,0.0,0.0,-12.6052703857,-2.14062190056,-0.486321210861,0.718835711479,1.49755716324,-3.58192300797,3.90057015419,-0.129385113716,0.0,0.0,0.0,10,1,0,20.0387706757,3.14648747444,,,,,,,,,,,,,,,,,,,,-0.00796182546765,0.0110210655257,-0.00152640452143,0.0,0,2,0,0.964176177979,0,1,0.0,-0.0,0.0,-0.952261328697,-1.0,0.776942372322,-0.998161792755,0.0,7,0,10.0,10.0,10.0,10.0,0.0,0.0,0.0,0.0,,,,-0.0202316641808,0.0666981711984,-0.0138866892084,0,0,0.0,0.0,4.58500003815,0,77,,,,,,,,,,,,,,,,,,,,,,,,,,,,,,,,,11.5740947723,11.6459608078,-1.0,-1.0,,,,,,,,,,,,,,,,,,,,,,,,,,,,,,,,,,,,,,,,,,,,,,,,,,,,,,,,,,,,,,,,,,,,,,,,,,,,,,,,,,,,,,,,,,,,,,,,,,,,,,,433389731,PX4FMU_V1,251760679a4bed86fdb10746062fde2cc23e460f,test,305419904.0
0.00411825021729,-0.0144616430625,-2.23509454727,0.0324432626367,-0.0339615903795,-0.00308133335784,-0.645013153553,0.321426093578,-9.93167877197,0.0,0.0,-2.25244808197,0.0,-0.645013153553,0.321426093578,-9.93167877197,0.0661297813058,-0.00516388891265,-0.00699788331985,-0.0818622857332,0.138520792127,0.38173276186,1019.40997314,-51.150894165,37.1100006104,0.0,0.0,-12.6052703857,-2.14062190056,-0.48366779089,0.718835711479,1.49755716324,-3.58192300797,3.90057015419,-0.127381533384,0.0,0.0,0.0,10,1,0,20.0387706757,3.14660787582,,,,,,,,,,,,,,,,,,,,-0.00689430069178,0.0138150993735,-0.00214532483369,0.0,0,2,0,0.964176177979,0,1,0.0,-0.0,0.0,-0.952261328697,-1.0,0.776942372322,-0.998161792755,0.0,7,0,10.0,10.0,10.0,10.0,0.0,0.0,0.0,0.0,,,,-0.0205898210406,0.0723084136844,-0.0173834972084,0,0,0.0,0.0,4.58500003815,0,77,,,,,,,,,,,,,,,,,,,,,,,,,,,,,,,,,11.5740947723,11.6458177567,-1.0,-1.0,,,,,,,,,,,,,,,,,,,,,,,,,,,,,,,,,,,,,,,,,,,,,,,,,,,,,,,,,,,,,,,,,,,,,,,,,,,,,,,,,,,,,,,,,,,,,,,,,,,,,,,433411822,PX4FMU_V1,251760679a4bed86fdb10746062fde2cc23e460f,test,305419904.0
0.00556490337476,-0.0145670315251,-2.23820924759,0.0561699420214,-0.0180947240442,-0.00691314833239,0.511467933655,-0.81056201458,-9.60694503784,0.0,0.0,-2.25244808197,0.0,0.511467933655,-0.81056201458,-9.60694503784,0.0191844440997,-0.0314407646656,0.00146909011528,-0.138739868999,0.120211623609,0.40131509304,1019.40997314,-51.150894165,37.0999984741,0.0,0.0,-12.6052703857,-2.14062190056,-0.481387197971,0.718835711479,1.49755716324,-3.58192300797,3.90057015419,-0.126410618424,0.0,0.0,0.0,10,1,0,20.0387706757,3.14672827721,,,,,,,,,,,,,,,,,,,,-0.0109190242365,0.0118209347129,-0.0011049475288,0.0,0,2,0,0.964176177979,0,1,0.0,-0.0,0.0,-0.954773843288,-0.99816006422,0.776942372322,-0.998161792755,0.0,7,0,10.0,10.0,10.0,10.0,0.0,0.0,0.0,0.0,,,,-0.0278225522488,0.0728355422616,-0.0142794651911,0,0,0.0,0.0,4.58500003815,0,77,,,,,,,,,,,,,,,,,,,,,,,,,,,,,,,,,11.5740947723,11.6456747055,-1.0,-1.0,,,,,,,,,,,,,,,,,,,,,,,,,,,,,,,,,,,,,,,,,,,,,,,,,,,,,,,,,,,,,,,,,,,,,,,,,,,,,,,,,,,,,,,,,,,,,,,,,,,,,,,433432834,PX4FMU_V1,251760679a4bed86fdb10746062fde2cc23e460f,test,305419904.0
0.00514292344451,-0.015388134867,-2.23514938354,-0.0261550024152,-0.0289032440633,0.00167858507484,-0.828377902508,0.653669476509,-9.95115184784,0.0,0.0,-2.25244808197,0.0,-0.828377902508,0.653669476509,-9.95115184784,-0.0140538271517,-0.00192543666344,-0.00640109786764,-0.0561756454408,0.154333248734,0.382622867823,1019.36999512,-50.8195533752,37.0999984741,0.0,0.0,-12.6052703857,-2.14062190056,-0.48105469346,0.718835711479,1.49755716324,-3.58192300797,3.90057015419,-0.12595488131,0.0,0.0,0.0,10,1,0,20.0387706757,3.14684844017,,,,,,,,,,,,,,,,,,,,5.75142512389e-05,0.0137597527355,-0.00285252486356,0.0,0,2,0,0.964176177979,0,1,0.0,-0.0,0.0,-0.952261328697,-1.0,0.779448628426,-0.998161792755,0.0,7,0,10.0,10.0,10.0,10.0,0.0,0.0,0.0,0.0,,,,-0.0257125850767,0.0769410133362,-0.0173382479697,0,0,0.0,0.0,4.58500003815,0,77,,,,,,,,,,,,,,,,,,,,,,,,,,,,,,,,,11.5740947723,11.6455316544,-1.0,-1.0,,,,,,,,,,,,,,,,,,,,,,,,,,,,,,,,,,,,,,,,,,,,,,,,,,,,,,,,,,,,,,,,,,,,,,,,,,,,,,,,,,,,,,,,,,,,,,,,,,,,,,,433454072,PX4FMU_V1,251760679a4bed86fdb10746062fde2cc23e460f,test,305419904.0
0.00573565810919,-0.0147548923269,-2.23516082764,0.0123720057309,0.0310397464782,-0.0112193990499,0.577947974205,-0.84775775671,-9.51638221741,0.0,0.0,-2.25244808197,0.0,0.577947974205,-0.84775775671,-9.51638221741,-0.0136186368763,0.0155615303665,-0.00847791787237,-0.0580103993416,0.144346430898,0.387073397636,1019.38995361,-50.9852256775,37.0900001526,0.0,0.0,-12.6052703857,-2.14062190056,-0.481770247221,0.718835711479,1.49755716324,-3.58192300797,3.90057015419,-0.125959485769,0.0,0.0,0.0,10,1,0,20.0387706757,3.14696860313,,,,,,,,,,,,,,,,,,,,-0.00533626833931,0.00555556686595,-0.00091652647825,0.0,0,2,0,0.964176177979,0,1,0.0,-0.0,0.0,-0.952261328697,-1.0,0.776942372322,-0.998161792755,0.0,7,0,10.0,10.0,10.0,10.0,0.0,0.0,0.0,0.0,,,,-0.0286762155592,0.0737748742104,-0.0173295754939,0,0,0.0,0.0,4.58500003815,0,77,,,,,,,,,,,,,,,,,,,,,,,,,,,,,,,,,11.5740947723,11.6453886032,-1.0,-1.0,,,,,,,,,,,,,,,,,,,,,,,,,,,,,,,,,,,,,,,,,,,,,,,,,,,,,,,,,,,,,,,,,,,,,,,,,,,,,,,,,,,,,,,,,,,,,,,,,,,,,,,433475763,PX4FMU_V1,251760679a4bed86fdb10746062fde2cc23e460f,test,305419904.0
0.00452300254256,-0.0147998258471,-2.23660588264,-0.0734034329653,0.000981258810498,0.00225918320939,-0.772517025471,0.765208542347,-10.0652713776,0.0,0.0,-2.25244808197,0.0,-0.772517025471,0.765208542347,-10.0652713776,-0.0587823390961,0.0101862950251,-0.0105819758028,-0.0937882438302,0.151836544275,0.378172367811,1019.38995361,-50.9852256775,37.0900001526,0.0,0.0,-12.6052703857,-2.14062190056,-0.481594711542,0.718835711479,1.49755716324,-3.58192300797,3.90057015419,-0.124045163393,0.0,0.0,0.0,10,1,0,20.0387706757,3.14702868462,,,,,,,,,,,,,,,,,,,,0.00660270918161,0.00949235539883,-0.00272022909485,0.0,0,2,0,0.964176177979,0,1,0.0,-0.0,0.0,-0.952261328697,-1.0,0.776942372322,-0.998161792755,0.0,7,0,10.0,10.0,10.0,10.0,0.0,0.0,0.0,0.0,,,,-0.0226133596152,0.0739993751049,-0.0158756766468,0,0,0.0,0.0,4.58500003815,0,77,,,,,,,,,,,,,,,,,,,,,,,,,,,,,,,,,11.5657138824,11.6453084946,-1.0,-1.0,,,,,,,,,,,,,,,,,,,,,,,,,,,,,,,,,,,,,,,,,,,,,,,,,,,,,,,,,,,,,,,,,,,,,,,,,,,,,,,,,,,,,,,,,,,,,,,,,,,,,,,433496548,PX4FMU_V1,251760679a4bed86fdb10746062fde2cc23e460f,test,305419904.0
0.00445297686383,-0.0139255709946,-2.23906898499,0.00838750042021,0.0575312115252,-0.00840064138174,0.307621002197,-0.764894723892,-9.69325065613,0.0,0.0,-2.25244808197,0.0,0.307621002197,-0.764894723892,-9.69325065613,0.0143264494836,0.0491654835641,-0.0104696173221,-0.120392255485,0.110224798322,0.404875546694,1019.38995361,-50.9852256775,37.0900001526,0.0,0.0,-12.6052703857,-2.14062190056,-0.481292694807,0.718835711479,1.49755716324,-3.58192300797,3.90057015419,-0.126923844218,0.0,0.0,0.0,10,1,0,20.0387706757,3.14714932442,,,,,,,,,,,,,,,,,,,,-0.00398462358862,0.00157259404659,-0.000751428829972,0.0,0,2,0,0.964176177979,0,1,0.0,-0.0,0.0,-0.952261328697,-1.0,0.779448628426,-0.998161792755,0.0,7,0,10.0,10.0,10.0,10.0,0.0,0.0,0.0,0.0,,,,-0.0222634505481,0.0696280896664,-0.0134101668373,0,0,0.0,0.0,4.58500003815,0,77,,,,,,,,,,,,,,,,,,,,,,,,,,,,,,,,,11.5740947723,11.6451654434,-1.0,-1.0,,,,,,,,,,,,,,,,,,,,,,,,,,,,,,,,,,,,,,,,,,,,,,,,,,,,,,,,,,,,,,,,,,,,,,,,,,,,,,,,,,,,,,,,,,,,,,,,,,,,,,,433517714,PX4FMU_V1,251760679a4bed86fdb10746062fde2cc23e460f,test,305419904.0
0.00318054715171,-0.0136091439053,-2.23635673523,-0.0811745673418,-0.00134210649412,0.00529196066782,-0.657886207104,0.914759874344,-10.0899057388,0.0,0.0,-2.25244808197,0.0,-0.657886207104,0.914759874344,-10.0899057388,-0.0738413184881,0.00334333116189,-0.00434220023453,-0.0671842098236,0.1043991521,0.395974457264,1019.36999512,-50.8195533752,37.0900001526,0.0,0.0,-12.6052703857,-2.14062190056,-0.478766202927,0.718835711479,1.49755716324,-3.58192300797,3.90057015419,-0.122975252569,0.0,0.0,0.0,10,1,0,20.0387706757,3.14726901054,,,,,,,,,,,,,,,,,,,,0.00848546624184,0.00902043003589,-0.00321073457599,0.0,0,2,0,0.964176177979,0,1,0.0,-0.0,0.0,-0.952261328697,-1.0,0.779448628426,-0.998161792755,0.0,7,0,10.0,10.0,10.0,10.0,0.0,0.0,0.0,0.0,,,,-0.015901748091,0.0680458247662,-0.016112934798,-10,5,0.0,0.0,4.58500003815,0,77,,,,,,,,,,,,,,,,,,,,,,,,,,,,,,,,,11.5740947723,11.6450233459,-1.0,-1.0,,,,,,,,,,,,,,,,,,,,,,,,,,,,,,,,,,,,,,,,,,,,,,,,,,,,,,,,,,,,,,,,,,,,,,,,,,,,,,,,,,,,,,,,,,,,,,,,,,,,,,,433540138,PX4FMU_V1,251760679a4bed86fdb10746062fde2cc23e460f,test,305419904.0
