rosbagTimestamp,header,seq,stamp,secs,nsecs,frame_id,orientation,x,y,z,w,orientation_covariance,angular_velocity,x,y,z,angular_velocity_covariance,linear_acceleration,x,y,z,linear_acceleration_covariance
1402603674382238473,,0,,1402603674,381916400,fcu,,0.0,0.0,0.0,0.0,"[-1.0, 0.0, 0.0, 0.0, 0.0, 0.0, 0.0, 0.0, 0.0]",,0.0194058790803,0.0189989376813,0.0469110347331,"[0.0, 0.0, 0.0, 0.0, 0.0, 0.0, 0.0, 0.0, 0.0]",,-0.306481122971,-0.300007164478,9.79059791565,"[0.0, 0.0, 0.0, 0.0, 0.0, 0.0, 0.0, 0.0, 0.0]"
1402603677406470145,,1,,1402603677,406097326,fcu,,0.0,0.0,0.0,0.0,"[-1.0, 0.0, 0.0, 0.0, 0.0, 0.0, 0.0, 0.0, 0.0]",,-0.00501567032188,-0.0106929466128,-0.015438131988,"[0.0, 0.0, 0.0, 0.0, 0.0, 0.0, 0.0, 0.0, 0.0]",,-0.382448375225,-0.382613450289,9.640209198,"[0.0, 0.0, 0.0, 0.0, 0.0, 0.0, 0.0, 0.0, 0.0]"
1402603678385847474,,2,,1402603678,385439626,fcu,,0.0,0.0,0.0,0.0,"[-1.0, 0.0, 0.0, 0.0, 0.0, 0.0, 0.0, 0.0, 0.0]",,0.0381242483854,0.00892649777234,-0.0112805664539,"[0.0, 0.0, 0.0, 0.0, 0.0, 0.0, 0.0, 0.0, 0.0]",,0.724239647388,0.33821195364,9.432970047,"[0.0, 0.0, 0.0, 0.0, 0.0, 0.0, 0.0, 0.0, 0.0]"
1402603683315933628,,3,,1402603683,315455784,fcu,,0.0,0.0,0.0,0.0,"[-1.0, 0.0, 0.0, 0.0, 0.0, 0.0, 0.0, 0.0, 0.0]",,-0.0449483394623,0.0484222024679,-0.0972242951393,"[0.0, 0.0, 0.0, 0.0, 0.0, 0.0, 0.0, 0.0, 0.0]",,-0.935968995094,-0.149063125253,9.63213157654,"[0.0, 0.0, 0.0, 0.0, 0.0, 0.0, 0.0, 0.0, 0.0]"
1402603684255355771,,4,,1402603684,254842631,fcu,,0.0,0.0,0.0,0.0,"[-1.0, 0.0, 0.0, 0.0, 0.0, 0.0, 0.0, 0.0, 0.0]",,-0.119551666081,0.118611484766,-0.0668797194958,"[0.0, 0.0, 0.0, 0.0, 0.0, 0.0, 0.0, 0.0, 0.0]",,0.516058802605,-0.289828240871,9.37940883636,"[0.0, 0.0, 0.0, 0.0, 0.0, 0.0, 0.0, 0.0, 0.0]"
1402603686403875000,,5,,1402603686,403608105,fcu,,0.0,0.0,0.0,0.0,"[-1.0, 0.0, 0.0, 0.0, 0.0, 0.0, 0.0, 0.0, 0.0]",,0.0294441599399,-0.0252547767013,-0.0314365327358,"[0.0, 0.0, 0.0, 0.0, 0.0, 0.0, 0.0, 0.0, 0.0]",,-0.00269805733114,0.13179063797,9.38946056366,"[0.0, 0.0, 0.0, 0.0, 0.0, 0.0, 0.0, 0.0, 0.0]"
1402603687451569977,,6,,1402603687,451025543,fcu,,0.0,0.0,0.0,0.0,"[-1.0, 0.0, 0.0, 0.0, 0.0, 0.0, 0.0, 0.0, 0.0]",,-0.00424362998456,0.0847454071045,0.0386954285204,"[0.0, 0.0, 0.0, 0.0, 0.0, 0.0, 0.0, 0.0, 0.0]",,-0.412708431482,1.04875695705,9.0771856308,"[0.0, 0.0, 0.0, 0.0, 0.0, 0.0, 0.0, 0.0, 0.0]"
1402603688254884902,,7,,1402603688,254503655,fcu,,0.0,0.0,0.0,0.0,"[-1.0, 0.0, 0.0, 0.0, 0.0, 0.0, 0.0, 0.0, 0.0]",,0.0523567572236,-0.00976649112999,0.00531622581184,"[0.0, 0.0, 0.0, 0.0, 0.0, 0.0, 0.0, 0.0, 0.0]",,-1.6896623373,0.674633860588,9.59944248199,"[0.0, 0.0, 0.0, 0.0, 0.0, 0.0, 0.0, 0.0, 0.0]"
1402603690406514677,,8,,1402603690,406254851,fcu,,0.0,0.0,0.0,0.0,"[-1.0, 0.0, 0.0, 0.0, 0.0, 0.0, 0.0, 0.0, 0.0]",,0.0209940690547,-0.0136412745342,0.199237346649,"[0.0, 0.0, 0.0, 0.0, 0.0, 0.0, 0.0, 0.0, 0.0]",,-0.515053391457,0.358089983463,9.3235616684,"[0.0, 0.0, 0.0, 0.0, 0.0, 0.0, 0.0, 0.0, 0.0]"
1402603691383023466,,9,,1402603691,382647160,fcu,,0.0,0.0,0.0,0.0,"[-1.0, 0.0, 0.0, 0.0, 0.0, 0.0, 0.0, 0.0, 0.0]",,0.0269109997898,-0.049463879317,0.0642932131886,"[0.0, 0.0, 0.0, 0.0, 0.0, 0.0, 0.0, 0.0, 0.0]",,-0.662423789501,0.209094941616,9.93651866913,"[0.0, 0.0, 0.0, 0.0, 0.0, 0.0, 0.0, 0.0, 0.0]"
1402603692452483301,,10,,1402603692,452076332,fcu,,0.0,0.0,0.0,0.0,"[-1.0, 0.0, 0.0, 0.0, 0.0, 0.0, 0.0, 0.0, 0.0]",,-0.0920670256019,0.125639364123,-0.0417759269476,"[0.0, 0.0, 0.0, 0.0, 0.0, 0.0, 0.0, 0.0, 0.0]",,0.476984858513,0.2470266819,9.63349914551,"[0.0, 0.0, 0.0, 0.0, 0.0, 0.0, 0.0, 0.0, 0.0]"
1402603695391620362,,11,,1402603695,391233218,fcu,,0.0,0.0,0.0,0.0,"[-1.0, 0.0, 0.0, 0.0, 0.0, 0.0, 0.0, 0.0, 0.0]",,0.201035290956,0.00499834539369,-0.0066744517535,"[0.0, 0.0, 0.0, 0.0, 0.0, 0.0, 0.0, 0.0, 0.0]",,-1.23394572735,-0.64957177639,10.1806583405,"[0.0, 0.0, 0.0, 0.0, 0.0, 0.0, 0.0, 0.0, 0.0]"
1402603696453868965,,12,,1402603696,453524173,fcu,,0.0,0.0,0.0,0.0,"[-1.0, 0.0, 0.0, 0.0, 0.0, 0.0, 0.0, 0.0, 0.0]",,0.12369055301,0.0144249238074,-0.00878458935767,"[0.0, 0.0, 0.0, 0.0, 0.0, 0.0, 0.0, 0.0, 0.0]",,-0.602386534214,0.643417537212,9.3978471756,"[0.0, 0.0, 0.0, 0.0, 0.0, 0.0, 0.0, 0.0, 0.0]"
1402603699393097380,,13,,1402603699,392742542,fcu,,0.0,0.0,0.0,0.0,"[-1.0, 0.0, 0.0, 0.0, 0.0, 0.0, 0.0, 0.0, 0.0]",,0.0285507012159,0.0154425939545,0.00395091017708,"[0.0, 0.0, 0.0, 0.0, 0.0, 0.0, 0.0, 0.0, 0.0]",,-0.941584467888,0.849130988121,9.70141029358,"[0.0, 0.0, 0.0, 0.0, 0.0, 0.0, 0.0, 0.0, 0.0]"
1402603700460413271,,14,,1402603700,460062001,fcu,,0.0,0.0,0.0,0.0,"[-1.0, 0.0, 0.0, 0.0, 0.0, 0.0, 0.0, 0.0, 0.0]",,0.0746470093727,0.0238813236356,-0.0120789324865,"[0.0, 0.0, 0.0, 0.0, 0.0, 0.0, 0.0, 0.0, 0.0]",,0.694297969341,-0.166249632835,10.4671173096,"[0.0, 0.0, 0.0, 0.0, 0.0, 0.0, 0.0, 0.0, 0.0]"
1402603703399653342,,15,,1402603703,399318373,fcu,,0.0,0.0,0.0,0.0,"[-1.0, 0.0, 0.0, 0.0, 0.0, 0.0, 0.0, 0.0, 0.0]",,0.0094583183527,0.0534826815128,0.164118215442,"[0.0, 0.0, 0.0, 0.0, 0.0, 0.0, 0.0, 0.0, 0.0]",,-0.332906007767,-1.22993350029,9.92784118652,"[0.0, 0.0, 0.0, 0.0, 0.0, 0.0, 0.0, 0.0, 0.0]"
1402603704379015498,,16,,1402603704,378594066,fcu,,0.0,0.0,0.0,0.0,"[-1.0, 0.0, 0.0, 0.0, 0.0, 0.0, 0.0, 0.0, 0.0]",,-0.0432345420122,-0.0853808969259,0.0182237457484,"[0.0, 0.0, 0.0, 0.0, 0.0, 0.0, 0.0, 0.0, 0.0]",,-0.811581611633,0.26832023263,10.0140123367,"[0.0, 0.0, 0.0, 0.0, 0.0, 0.0, 0.0, 0.0, 0.0]"
1402603708382625000,,17,,1402603708,382115642,fcu,,0.0,0.0,0.0,0.0,"[-1.0, 0.0, 0.0, 0.0, 0.0, 0.0, 0.0, 0.0, 0.0]",,0.0955280587077,-0.0074970908463,-0.0434722192585,"[0.0, 0.0, 0.0, 0.0, 0.0, 0.0, 0.0, 0.0, 0.0]",,0.605117022991,-0.0550548508763,9.31550598145,"[0.0, 0.0, 0.0, 0.0, 0.0, 0.0, 0.0, 0.0, 0.0]"
1402603712388437343,,18,,1402603712,387540533,fcu,,0.0,0.0,0.0,0.0,"[-1.0, 0.0, 0.0, 0.0, 0.0, 0.0, 0.0, 0.0, 0.0]",,-0.00182347092777,-0.0821683555841,-0.0191830098629,"[0.0, 0.0, 0.0, 0.0, 0.0, 0.0, 0.0, 0.0, 0.0]",,1.02101111412,0.776983201504,9.576795578,"[0.0, 0.0, 0.0, 0.0, 0.0, 0.0, 0.0, 0.0, 0.0]"
1402603713457981285,,19,,1402603713,457697642,fcu,,0.0,0.0,0.0,0.0,"[-1.0, 0.0, 0.0, 0.0, 0.0, 0.0, 0.0, 0.0, 0.0]",,0.0733500123024,-0.0171054638922,-0.0620689429343,"[0.0, 0.0, 0.0, 0.0, 0.0, 0.0, 0.0, 0.0, 0.0]",,-0.747078835964,0.417023360729,9.91234397888,"[0.0, 0.0, 0.0, 0.0, 0.0, 0.0, 0.0, 0.0, 0.0]"
1402603716394247184,,20,,1402603716,393930977,fcu,,0.0,0.0,0.0,0.0,"[-1.0, 0.0, 0.0, 0.0, 0.0, 0.0, 0.0, 0.0, 0.0]",,-0.0621659755707,-0.0955754294991,-0.0747067257762,"[0.0, 0.0, 0.0, 0.0, 0.0, 0.0, 0.0, 0.0, 0.0]",,-0.302540957928,0.443512737751,9.59670829773,"[0.0, 0.0, 0.0, 0.0, 0.0, 0.0, 0.0, 0.0, 0.0]"
1402603717460546446,,21,,1402603717,460182424,fcu,,0.0,0.0,0.0,0.0,"[-1.0, 0.0, 0.0, 0.0, 0.0, 0.0, 0.0, 0.0, 0.0]",,0.0417581759393,-0.0476380884647,-0.0299984440207,"[0.0, 0.0, 0.0, 0.0, 0.0, 0.0, 0.0, 0.0, 0.0]",,0.698912382126,-0.126600936055,10.1450519562,"[0.0, 0.0, 0.0, 0.0, 0.0, 0.0, 0.0, 0.0, 0.0]"
1402603720398660361,,22,,1402603720,398288458,fcu,,0.0,0.0,0.0,0.0,"[-1.0, 0.0, 0.0, 0.0, 0.0, 0.0, 0.0, 0.0, 0.0]",,-0.00685161352158,-0.00947460252792,-0.0242914408445,"[0.0, 0.0, 0.0, 0.0, 0.0, 0.0, 0.0, 0.0, 0.0]",,0.00195293966681,0.392429023981,9.73577404022,"[0.0, 0.0, 0.0, 0.0, 0.0, 0.0, 0.0, 0.0, 0.0]"
1402603721464110422,,23,,1402603721,463723057,fcu,,0.0,0.0,0.0,0.0,"[-1.0, 0.0, 0.0, 0.0, 0.0, 0.0, 0.0, 0.0, 0.0]",,0.256231337786,-0.0479801669717,0.000759024522267,"[0.0, 0.0, 0.0, 0.0, 0.0, 0.0, 0.0, 0.0, 0.0]",,0.57186537981,0.524941921234,9.72136688232,"[0.0, 0.0, 0.0, 0.0, 0.0, 0.0, 0.0, 0.0, 0.0]"
1402603724402466496,,24,,1402603724,402037734,fcu,,0.0,0.0,0.0,0.0,"[-1.0, 0.0, 0.0, 0.0, 0.0, 0.0, 0.0, 0.0, 0.0]",,0.051432184875,0.0145955961198,-0.0554536059499,"[0.0, 0.0, 0.0, 0.0, 0.0, 0.0, 0.0, 0.0, 0.0]",,-0.385943114758,-0.895539104939,9.43648338318,"[0.0, 0.0, 0.0, 0.0, 0.0, 0.0, 0.0, 0.0, 0.0]"
1402603725383760778,,25,,1402603725,383337749,fcu,,0.0,0.0,0.0,0.0,"[-1.0, 0.0, 0.0, 0.0, 0.0, 0.0, 0.0, 0.0, 0.0]",,0.251571387053,-0.00309768738225,-0.0286396685988,"[0.0, 0.0, 0.0, 0.0, 0.0, 0.0, 0.0, 0.0, 0.0]",,-1.49597191811,0.400174170732,9.81045913696,"[0.0, 0.0, 0.0, 0.0, 0.0, 0.0, 0.0, 0.0, 0.0]"
1402603726449978335,,26,,1402603726,449664491,fcu,,0.0,0.0,0.0,0.0,"[-1.0, 0.0, 0.0, 0.0, 0.0, 0.0, 0.0, 0.0, 0.0]",,0.0640310496092,-0.0355673134327,-0.0873331129551,"[0.0, 0.0, 0.0, 0.0, 0.0, 0.0, 0.0, 0.0, 0.0]",,-1.30382537842,-0.692461013794,9.83437156677,"[0.0, 0.0, 0.0, 0.0, 0.0, 0.0, 0.0, 0.0, 0.0]"
1402603729384473847,,27,,1402603729,383972928,fcu,,0.0,0.0,0.0,0.0,"[-1.0, 0.0, 0.0, 0.0, 0.0, 0.0, 0.0, 0.0, 0.0]",,-0.208993405104,-0.00175558566116,0.0850979760289,"[0.0, 0.0, 0.0, 0.0, 0.0, 0.0, 0.0, 0.0, 0.0]",,0.648536324501,-0.339738667011,9.51535892487,"[0.0, 0.0, 0.0, 0.0, 0.0, 0.0, 0.0, 0.0, 0.0]"
1402603733386725915,,28,,1402603733,386366898,fcu,,0.0,0.0,0.0,0.0,"[-1.0, 0.0, 0.0, 0.0, 0.0, 0.0, 0.0, 0.0, 0.0]",,0.0980858206749,0.130516707897,-0.0851488262415,"[0.0, 0.0, 0.0, 0.0, 0.0, 0.0, 0.0, 0.0, 0.0]",,-0.129975840449,-0.147509381175,10.438955307,"[0.0, 0.0, 0.0, 0.0, 0.0, 0.0, 0.0, 0.0, 0.0]"
1402603734458009391,,29,,1402603734,457688450,fcu,,0.0,0.0,0.0,0.0,"[-1.0, 0.0, 0.0, 0.0, 0.0, 0.0, 0.0, 0.0, 0.0]",,-0.0823888331652,-0.484023034573,0.0276577156037,"[0.0, 0.0, 0.0, 0.0, 0.0, 0.0, 0.0, 0.0, 0.0]",,-0.27254858613,-0.421056509018,10.0014801025,"[0.0, 0.0, 0.0, 0.0, 0.0, 0.0, 0.0, 0.0, 0.0]"
1402603737394314382,,30,,1402603737,393910479,fcu,,0.0,0.0,0.0,0.0,"[-1.0, 0.0, 0.0, 0.0, 0.0, 0.0, 0.0, 0.0, 0.0]",,-0.0863692462444,0.0588980689645,0.194115012884,"[0.0, 0.0, 0.0, 0.0, 0.0, 0.0, 0.0, 0.0, 0.0]",,-0.220643118024,-0.700667381287,9.38985919952,"[0.0, 0.0, 0.0, 0.0, 0.0, 0.0, 0.0, 0.0, 0.0]"
1402603738380584956,,31,,1402603738,380193599,fcu,,0.0,0.0,0.0,0.0,"[-1.0, 0.0, 0.0, 0.0, 0.0, 0.0, 0.0, 0.0, 0.0]",,0.0766214281321,0.966030538082,-0.0374471433461,"[0.0, 0.0, 0.0, 0.0, 0.0, 0.0, 0.0, 0.0, 0.0]",,1.07289516926,-1.24835181236,9.22016048431,"[0.0, 0.0, 0.0, 0.0, 0.0, 0.0, 0.0, 0.0, 0.0]"
1402603741402775994,,32,,1402603741,402485065,fcu,,0.0,0.0,0.0,0.0,"[-1.0, 0.0, 0.0, 0.0, 0.0, 0.0, 0.0, 0.0, 0.0]",,-0.154142051935,0.170403584838,0.00571826798841,"[0.0, 0.0, 0.0, 0.0, 0.0, 0.0, 0.0, 0.0, 0.0]",,-0.504447102547,0.88407599926,9.72903442383,"[0.0, 0.0, 0.0, 0.0, 0.0, 0.0, 0.0, 0.0, 0.0]"
1402603742382206204,,33,,1402603742,381867048,fcu,,0.0,0.0,0.0,0.0,"[-1.0, 0.0, 0.0, 0.0, 0.0, 0.0, 0.0, 0.0, 0.0]",,-0.0718280076981,-0.00509642949328,0.0264445934445,"[0.0, 0.0, 0.0, 0.0, 0.0, 0.0, 0.0, 0.0, 0.0]",,0.0105698257685,0.622820675373,9.91256141663,"[0.0, 0.0, 0.0, 0.0, 0.0, 0.0, 0.0, 0.0, 0.0]"
1402603745409284552,,34,,1402603745,409007855,fcu,,0.0,0.0,0.0,0.0,"[-1.0, 0.0, 0.0, 0.0, 0.0, 0.0, 0.0, 0.0, 0.0]",,0.0138070210814,-0.269351452589,-0.180969595909,"[0.0, 0.0, 0.0, 0.0, 0.0, 0.0, 0.0, 0.0, 0.0]",,-0.650713264942,-0.540530920029,9.94759082794,"[0.0, 0.0, 0.0, 0.0, 0.0, 0.0, 0.0, 0.0, 0.0]"
1402603746386033480,,35,,1402603746,385521609,fcu,,0.0,0.0,0.0,0.0,"[-1.0, 0.0, 0.0, 0.0, 0.0, 0.0, 0.0, 0.0, 0.0]",,0.0368896462023,-0.074861869216,-0.107881098986,"[0.0, 0.0, 0.0, 0.0, 0.0, 0.0, 0.0, 0.0, 0.0]",,-0.189570263028,-0.363635122776,9.50925064087,"[0.0, 0.0, 0.0, 0.0, 0.0, 0.0, 0.0, 0.0, 0.0]"
1402603750393169477,,36,,1402603750,392842780,fcu,,0.0,0.0,0.0,0.0,"[-1.0, 0.0, 0.0, 0.0, 0.0, 0.0, 0.0, 0.0, 0.0]",,-0.204118072987,-0.0706959143281,0.0113447848707,"[0.0, 0.0, 0.0, 0.0, 0.0, 0.0, 0.0, 0.0, 0.0]",,0.683309435844,-1.37692070007,9.67010116577,"[0.0, 0.0, 0.0, 0.0, 0.0, 0.0, 0.0, 0.0, 0.0]"
1402603751458576640,,37,,1402603751,458256341,fcu,,0.0,0.0,0.0,0.0,"[-1.0, 0.0, 0.0, 0.0, 0.0, 0.0, 0.0, 0.0, 0.0]",,0.0110352467746,0.0214486084878,0.0179671179503,"[0.0, 0.0, 0.0, 0.0, 0.0, 0.0, 0.0, 0.0, 0.0]",,-0.511244952679,-0.776225924492,9.38414955139,"[0.0, 0.0, 0.0, 0.0, 0.0, 0.0, 0.0, 0.0, 0.0]"
1402603754390906045,,38,,1402603754,390424403,fcu,,0.0,0.0,0.0,0.0,"[-1.0, 0.0, 0.0, 0.0, 0.0, 0.0, 0.0, 0.0, 0.0]",,0.115375034511,0.0170026533306,-0.107497088611,"[0.0, 0.0, 0.0, 0.0, 0.0, 0.0, 0.0, 0.0, 0.0]",,1.38538551331,0.19610016048,9.42277145386,"[0.0, 0.0, 0.0, 0.0, 0.0, 0.0, 0.0, 0.0, 0.0]"
1402603755462342621,,39,,1402603755,461813671,fcu,,0.0,0.0,0.0,0.0,"[-1.0, 0.0, 0.0, 0.0, 0.0, 0.0, 0.0, 0.0, 0.0]",,-0.0451108515263,-0.0685385912657,-0.295063108206,"[0.0, 0.0, 0.0, 0.0, 0.0, 0.0, 0.0, 0.0, 0.0]",,-0.358079969883,0.982517838478,9.98130893707,"[0.0, 0.0, 0.0, 0.0, 0.0, 0.0, 0.0, 0.0, 0.0]"
1402603758400196533,,40,,1402603758,399877339,fcu,,0.0,0.0,0.0,0.0,"[-1.0, 0.0, 0.0, 0.0, 0.0, 0.0, 0.0, 0.0, 0.0]",,-0.0268539693207,0.172023773193,0.182038009167,"[0.0, 0.0, 0.0, 0.0, 0.0, 0.0, 0.0, 0.0, 0.0]",,-0.341015666723,-0.328013181686,9.99725341797,"[0.0, 0.0, 0.0, 0.0, 0.0, 0.0, 0.0, 0.0, 0.0]"
1402603759377624022,,41,,1402603759,377297195,fcu,,0.0,0.0,0.0,0.0,"[-1.0, 0.0, 0.0, 0.0, 0.0, 0.0, 0.0, 0.0, 0.0]",,-0.194288209081,-0.176604583859,0.13892275095,"[0.0, 0.0, 0.0, 0.0, 0.0, 0.0, 0.0, 0.0, 0.0]",,0.899481713772,-1.00684571266,9.84321975708,"[0.0, 0.0, 0.0, 0.0, 0.0, 0.0, 0.0, 0.0, 0.0]"
1402603763385209950,,42,,1402603763,384811767,fcu,,0.0,0.0,0.0,0.0,"[-1.0, 0.0, 0.0, 0.0, 0.0, 0.0, 0.0, 0.0, 0.0]",,-0.24989078939,0.0117115890607,0.043498467654,"[0.0, 0.0, 0.0, 0.0, 0.0, 0.0, 0.0, 0.0, 0.0]",,-0.164832040668,2.07555389404,10.0363636017,"[0.0, 0.0, 0.0, 0.0, 0.0, 0.0, 0.0, 0.0, 0.0]"
1402603764450601608,,43,,1402603764,450126738,fcu,,0.0,0.0,0.0,0.0,"[-1.0, 0.0, 0.0, 0.0, 0.0, 0.0, 0.0, 0.0, 0.0]",,1.15334689617,0.202064603567,-0.0739520341158,"[0.0, 0.0, 0.0, 0.0, 0.0, 0.0, 0.0, 0.0, 0.0]",,0.0737376660109,0.164706707001,10.5842733383,"[0.0, 0.0, 0.0, 0.0, 0.0, 0.0, 0.0, 0.0, 0.0]"
1402603767387686667,,44,,1402603767,387358480,fcu,,0.0,0.0,0.0,0.0,"[-1.0, 0.0, 0.0, 0.0, 0.0, 0.0, 0.0, 0.0, 0.0]",,-0.0137079833075,-0.503947615623,-0.096253618598,"[0.0, 0.0, 0.0, 0.0, 0.0, 0.0, 0.0, 0.0, 0.0]",,-1.31003236771,-0.102950491011,9.90011978149,"[0.0, 0.0, 0.0, 0.0, 0.0, 0.0, 0.0, 0.0, 0.0]"
1402603768454099019,,45,,1402603768,453740443,fcu,,0.0,0.0,0.0,0.0,"[-1.0, 0.0, 0.0, 0.0, 0.0, 0.0, 0.0, 0.0, 0.0]",,-0.465924859047,0.0805017203093,-0.0790564268827,"[0.0, 0.0, 0.0, 0.0, 0.0, 0.0, 0.0, 0.0, 0.0]",,0.239477366209,0.0259135104716,9.1443157196,"[0.0, 0.0, 0.0, 0.0, 0.0, 0.0, 0.0, 0.0, 0.0]"
1402603771390350235,,46,,1402603771,389815319,fcu,,0.0,0.0,0.0,0.0,"[-1.0, 0.0, 0.0, 0.0, 0.0, 0.0, 0.0, 0.0, 0.0]",,0.857056677341,0.0926461517811,-0.183421358466,"[0.0, 0.0, 0.0, 0.0, 0.0, 0.0, 0.0, 0.0, 0.0]",,0.131661936641,1.92234230042,9.79632377625,"[0.0, 0.0, 0.0, 0.0, 0.0, 0.0, 0.0, 0.0, 0.0]"
1402603775401594282,,47,,1402603775,401255340,fcu,,0.0,0.0,0.0,0.0,"[-1.0, 0.0, 0.0, 0.0, 0.0, 0.0, 0.0, 0.0, 0.0]",,0.0191483050585,0.0182078070939,-0.417570054531,"[0.0, 0.0, 0.0, 0.0, 0.0, 0.0, 0.0, 0.0, 0.0]",,0.613074541092,0.689159870148,9.05617141724,"[0.0, 0.0, 0.0, 0.0, 0.0, 0.0, 0.0, 0.0, 0.0]"
1402603776465660228,,48,,1402603776,464778462,fcu,,0.0,0.0,0.0,0.0,"[-1.0, 0.0, 0.0, 0.0, 0.0, 0.0, 0.0, 0.0, 0.0]",,-0.0314013883471,-0.0761103183031,-0.390954554081,"[0.0, 0.0, 0.0, 0.0, 0.0, 0.0, 0.0, 0.0, 0.0]",,0.203329816461,-0.315351635218,7.9966750145,"[0.0, 0.0, 0.0, 0.0, 0.0, 0.0, 0.0, 0.0, 0.0]"
1402603779405149568,,49,,1402603779,404771615,fcu,,0.0,0.0,0.0,0.0,"[-1.0, 0.0, 0.0, 0.0, 0.0, 0.0, 0.0, 0.0, 0.0]",,0.0798112079501,0.042870298028,-0.0932702720165,"[0.0, 0.0, 0.0, 0.0, 0.0, 0.0, 0.0, 0.0, 0.0]",,-0.0609983243048,1.14424169064,10.090929985,"[0.0, 0.0, 0.0, 0.0, 0.0, 0.0, 0.0, 0.0, 0.0]"
1402603780378529097,,50,,1402603780,378218108,fcu,,0.0,0.0,0.0,0.0,"[-1.0, 0.0, 0.0, 0.0, 0.0, 0.0, 0.0, 0.0, 0.0]",,0.347154378891,-0.0753401815891,-0.107105672359,"[0.0, 0.0, 0.0, 0.0, 0.0, 0.0, 0.0, 0.0, 0.0]",,0.404989957809,0.862756490707,9.40235519409,"[0.0, 0.0, 0.0, 0.0, 0.0, 0.0, 0.0, 0.0, 0.0]"
1402603781448086269,,51,,1402603781,447651566,fcu,,0.0,0.0,0.0,0.0,"[-1.0, 0.0, 0.0, 0.0, 0.0, 0.0, 0.0, 0.0, 0.0]",,-0.0656071379781,0.0139301680028,-0.0945580229163,"[0.0, 0.0, 0.0, 0.0, 0.0, 0.0, 0.0, 0.0, 0.0]",,-0.229727596045,-0.24600481987,9.79412555695,"[0.0, 0.0, 0.0, 0.0, 0.0, 0.0, 0.0, 0.0, 0.0]"
1402603784386871964,,52,,1402603784,386584766,fcu,,0.0,0.0,0.0,0.0,"[-1.0, 0.0, 0.0, 0.0, 0.0, 0.0, 0.0, 0.0, 0.0]",,0.0110514983535,0.0581462681293,-0.0574787631631,"[0.0, 0.0, 0.0, 0.0, 0.0, 0.0, 0.0, 0.0, 0.0]",,0.620909810066,0.77885812521,8.73513031006,"[0.0, 0.0, 0.0, 0.0, 0.0, 0.0, 0.0, 0.0, 0.0]"
1402603785452360531,,53,,1402603785,451927944,fcu,,0.0,0.0,0.0,0.0,"[-1.0, 0.0, 0.0, 0.0, 0.0, 0.0, 0.0, 0.0, 0.0]",,-0.0969136506319,0.0665579736233,-0.0697737932205,"[0.0, 0.0, 0.0, 0.0, 0.0, 0.0, 0.0, 0.0, 0.0]",,-0.619383335114,-0.530144512653,9.97196388245,"[0.0, 0.0, 0.0, 0.0, 0.0, 0.0, 0.0, 0.0, 0.0]"
1402603788399431002,,54,,1402603788,399034286,fcu,,0.0,0.0,0.0,0.0,"[-1.0, 0.0, 0.0, 0.0, 0.0, 0.0, 0.0, 0.0, 0.0]",,0.161542475224,-0.0814217031002,0.041814789176,"[0.0, 0.0, 0.0, 0.0, 0.0, 0.0, 0.0, 0.0, 0.0]",,-0.931924343109,-0.0815917253494,9.30941677094,"[0.0, 0.0, 0.0, 0.0, 0.0, 0.0, 0.0, 0.0, 0.0]"
1402603789460630837,,55,,1402603789,460321135,fcu,,0.0,0.0,0.0,0.0,"[-1.0, 0.0, 0.0, 0.0, 0.0, 0.0, 0.0, 0.0, 0.0]",,-0.0406989455223,-0.0261456407607,0.086933337152,"[0.0, 0.0, 0.0, 0.0, 0.0, 0.0, 0.0, 0.0, 0.0]",,-1.434284091,0.575085222721,9.47644042969,"[0.0, 0.0, 0.0, 0.0, 0.0, 0.0, 0.0, 0.0, 0.0]"
1402603792398257347,,56,,1402603792,397611536,fcu,,0.0,0.0,0.0,0.0,"[-1.0, 0.0, 0.0, 0.0, 0.0, 0.0, 0.0, 0.0, 0.0]",,-0.153200447559,0.0811944529414,0.681575238705,"[0.0, 0.0, 0.0, 0.0, 0.0, 0.0, 0.0, 0.0, 0.0]",,0.199397534132,0.722791790962,9.80133056641,"[0.0, 0.0, 0.0, 0.0, 0.0, 0.0, 0.0, 0.0, 0.0]"
1402603793465166101,,57,,1402603793,464830073,fcu,,0.0,0.0,0.0,0.0,"[-1.0, 0.0, 0.0, 0.0, 0.0, 0.0, 0.0, 0.0, 0.0]",,-0.0496789254248,-0.0570050254464,0.481806457043,"[0.0, 0.0, 0.0, 0.0, 0.0, 0.0, 0.0, 0.0, 0.0]",,-0.0552118495107,-0.0267626233399,10.2065200806,"[0.0, 0.0, 0.0, 0.0, 0.0, 0.0, 0.0, 0.0, 0.0]"
1402603797384807574,,58,,1402603797,384488277,fcu,,0.0,0.0,0.0,0.0,"[-1.0, 0.0, 0.0, 0.0, 0.0, 0.0, 0.0, 0.0, 0.0]",,-1.44175744057,-0.0911445170641,-0.0264739915729,"[0.0, 0.0, 0.0, 0.0, 0.0, 0.0, 0.0, 0.0, 0.0]",,0.4867836833,-1.06308722496,10.3580284119,"[0.0, 0.0, 0.0, 0.0, 0.0, 0.0, 0.0, 0.0, 0.0]"
1402603798450067804,,59,,1402603798,449759956,fcu,,0.0,0.0,0.0,0.0,"[-1.0, 0.0, 0.0, 0.0, 0.0, 0.0, 0.0, 0.0, 0.0]",,0.216164276004,0.0269917882979,-0.0131177883595,"[0.0, 0.0, 0.0, 0.0, 0.0, 0.0, 0.0, 0.0, 0.0]",,-0.286435753107,0.432671606541,10.5278635025,"[0.0, 0.0, 0.0, 0.0, 0.0, 0.0, 0.0, 0.0, 0.0]"
1402603800407532814,,60,,1402603800,406519874,fcu,,0.0,0.0,0.0,0.0,"[-1.0, 0.0, 0.0, 0.0, 0.0, 0.0, 0.0, 0.0, 0.0]",,-0.0618406161666,0.272012531757,-0.0575904324651,"[0.0, 0.0, 0.0, 0.0, 0.0, 0.0, 0.0, 0.0, 0.0]",,2.06992959976,0.246731668711,9.65335845947,"[0.0, 0.0, 0.0, 0.0, 0.0, 0.0, 0.0, 0.0, 0.0]"
1402603802454911445,,61,,1402603802,454267946,fcu,,0.0,0.0,0.0,0.0,"[-1.0, 0.0, 0.0, 0.0, 0.0, 0.0, 0.0, 0.0, 0.0]",,0.0163151156157,0.0295263454318,-0.0629473924637,"[0.0, 0.0, 0.0, 0.0, 0.0, 0.0, 0.0, 0.0, 0.0]",,1.19256031513,-1.10192811489,9.57900905609,"[0.0, 0.0, 0.0, 0.0, 0.0, 0.0, 0.0, 0.0, 0.0]"
1402603805392683969,,62,,1402603805,392383909,fcu,,0.0,0.0,0.0,0.0,"[-1.0, 0.0, 0.0, 0.0, 0.0, 0.0, 0.0, 0.0, 0.0]",,-0.0508810058236,0.0605859495699,0.101081311703,"[0.0, 0.0, 0.0, 0.0, 0.0, 0.0, 0.0, 0.0, 0.0]",,0.242156937718,0.614649891853,9.51163101196,"[0.0, 0.0, 0.0, 0.0, 0.0, 0.0, 0.0, 0.0, 0.0]"
1402603809398329895,,63,,1402603809,397893081,fcu,,0.0,0.0,0.0,0.0,"[-1.0, 0.0, 0.0, 0.0, 0.0, 0.0, 0.0, 0.0, 0.0]",,0.127669394016,-0.0615122169256,-0.0354379750788,"[0.0, 0.0, 0.0, 0.0, 0.0, 0.0, 0.0, 0.0, 0.0]",,-0.82681286335,0.901147723198,9.83676528931,"[0.0, 0.0, 0.0, 0.0, 0.0, 0.0, 0.0, 0.0, 0.0]"
1402603810378806300,,64,,1402603810,378302157,fcu,,0.0,0.0,0.0,0.0,"[-1.0, 0.0, 0.0, 0.0, 0.0, 0.0, 0.0, 0.0, 0.0]",,0.622939705849,-0.0718655735254,-0.090883217752,"[0.0, 0.0, 0.0, 0.0, 0.0, 0.0, 0.0, 0.0, 0.0]",,0.539408802986,-0.0390468612313,9.99273872375,"[0.0, 0.0, 0.0, 0.0, 0.0, 0.0, 0.0, 0.0, 0.0]"
1402603813401836377,,65,,1402603813,401442668,fcu,,0.0,0.0,0.0,0.0,"[-1.0, 0.0, 0.0, 0.0, 0.0, 0.0, 0.0, 0.0, 0.0]",,-0.108454018831,0.11021078378,-0.207099825144,"[0.0, 0.0, 0.0, 0.0, 0.0, 0.0, 0.0, 0.0, 0.0]",,0.337180227041,-0.556711435318,9.20353794098,"[0.0, 0.0, 0.0, 0.0, 0.0, 0.0, 0.0, 0.0, 0.0]"
1402603814377086917,,66,,1402603814,376762626,fcu,,0.0,0.0,0.0,0.0,"[-1.0, 0.0, 0.0, 0.0, 0.0, 0.0, 0.0, 0.0, 0.0]",,-0.114090107381,0.0298923179507,0.193858399987,"[0.0, 0.0, 0.0, 0.0, 0.0, 0.0, 0.0, 0.0, 0.0]",,-0.459084451199,0.940967798233,9.71166419983,"[0.0, 0.0, 0.0, 0.0, 0.0, 0.0, 0.0, 0.0, 0.0]"
1402603815448515245,,67,,1402603815,448229657,fcu,,0.0,0.0,0.0,0.0,"[-1.0, 0.0, 0.0, 0.0, 0.0, 0.0, 0.0, 0.0, 0.0]",,-0.0712349414825,0.121464408934,0.0245479401201,"[0.0, 0.0, 0.0, 0.0, 0.0, 0.0, 0.0, 0.0, 0.0]",,-1.24133169651,-0.0424268916249,10.2842674255,"[0.0, 0.0, 0.0, 0.0, 0.0, 0.0, 0.0, 0.0, 0.0]"
1402603818387707401,,68,,1402603818,387371506,fcu,,0.0,0.0,0.0,0.0,"[-1.0, 0.0, 0.0, 0.0, 0.0, 0.0, 0.0, 0.0, 0.0]",,-1.12043845654,0.864825367928,-0.672966361046,"[0.0, 0.0, 0.0, 0.0, 0.0, 0.0, 0.0, 0.0, 0.0]",,-0.35969337821,-1.7324154377,9.92022514343,"[0.0, 0.0, 0.0, 0.0, 0.0, 0.0, 0.0, 0.0, 0.0]"
1402603819454131249,,69,,1402603819,453758641,fcu,,0.0,0.0,0.0,0.0,"[-1.0, 0.0, 0.0, 0.0, 0.0, 0.0, 0.0, 0.0, 0.0]",,-0.15915594995,-0.878259062767,-1.50669944286,"[0.0, 0.0, 0.0, 0.0, 0.0, 0.0, 0.0, 0.0, 0.0]",,0.346207648516,-1.45518732071,9.95852947235,"[0.0, 0.0, 0.0, 0.0, 0.0, 0.0, 0.0, 0.0, 0.0]"
1402603822395255559,,70,,1402603822,394817743,fcu,,0.0,0.0,0.0,0.0,"[-1.0, 0.0, 0.0, 0.0, 0.0, 0.0, 0.0, 0.0, 0.0]",,-0.352535158396,3.11498069763,-1.70355057716,"[0.0, 0.0, 0.0, 0.0, 0.0, 0.0, 0.0, 0.0, 0.0]",,-1.1788418293,0.526026546955,5.57031202316,"[0.0, 0.0, 0.0, 0.0, 0.0, 0.0, 0.0, 0.0, 0.0]"
1402603823459458242,,71,,1402603823,459185824,fcu,,0.0,0.0,0.0,0.0,"[-1.0, 0.0, 0.0, 0.0, 0.0, 0.0, 0.0, 0.0, 0.0]",,0.465956509113,-0.753908634186,-0.451838135719,"[0.0, 0.0, 0.0, 0.0, 0.0, 0.0, 0.0, 0.0, 0.0]",,0.84616458416,-7.03326511383,3.94530510902,"[0.0, 0.0, 0.0, 0.0, 0.0, 0.0, 0.0, 0.0, 0.0]"
1402603826392726922,,72,,1402603826,392337747,fcu,,0.0,0.0,0.0,0.0,"[-1.0, 0.0, 0.0, 0.0, 0.0, 0.0, 0.0, 0.0, 0.0]",,0.0224787145853,0.000994308968075,-0.0322111099958,"[0.0, 0.0, 0.0, 0.0, 0.0, 0.0, 0.0, 0.0, 0.0]",,-0.0300889648497,0.0194170549512,9.55866146088,"[0.0, 0.0, 0.0, 0.0, 0.0, 0.0, 0.0, 0.0, 0.0]"
